lambda (nm)	A (1 drop)	A (4 drops)	A (6 drops)
365.036	0	0	0
365.207	0	0	0
365.37800000000000	0	0	0
365.54900000000000	0	0	0
365.72100000000000	0	0	0
365.89200000000000	0	0	0
366.06300000000000	0	0	0
366.23400000000000	0	0	0
366.40600000000000	0	0	0
366.57700000000000	0	0	0
366.74800000000000	0	0	0
366.91900000000000	0	0	0
367.09100000000000	0	0	0
367.26200000000000	0	0	0
367.43300000000000	0	0	0
367.604	0	0	0
367.776	0	0	0
			
367.947	0	0	0
368.118	0	0	0
368.289	0	0	0
368.461	0	0	0
368.632	0	0	0
368.803	2.5	2.5	2.5
368.974	2.5	2.5	2.5
369.146	2.5	2.5	2.5
369.317	2.5	2.5	2.5
369.488	2.5	2.5	2.5
369.659	2.5	2.5	2.5
369.831	2.5	2.5	2.5
370.002	2.5	2.5	2.5
370.173	2.5	2.5	2.5
370.345	2.5	2.5	2.5
370.516	2.5	2.5	2.5
370.687	2.5	2.5	2.5
370.858	1.305	2.5	2.5
371.03	1.011	2.5	2.5
371.201	0.817	2.5	2.5
371.372	0.617	2.5	2.5
371.543	0.47	2.5	2.5
371.715	0.47	2.5	2.5
371.886	0.419	2.5	2.5
372.057	0.361	2.5	2.5
372.229	0.348	2.5	2.5
372.4	0.313	2.5	2.5
372.571	0.301	2.5	2.5
372.742	0.277	2.5	2.5
372.914	0.275	1.778	2.5
373.085	0.268	1.675	2.5
373.256	0.256	1.519	2.5
373.428	0.246	1.192	2.5
373.599	0.219	1.005	2.5
373.77	0.216	0.94	2.5
373.941	0.198	0.878	2.5
374.113	0.191	0.813	2.5
374.284	0.183	0.773	2.5
374.455	0.189	0.718	2.5
374.627	0.179	0.686	2.5
374.798	0.173	0.652	2.5
374.969	0.167	0.628	2.5
375.141	0.161	0.6	2.5
375.312	0.162	0.581	2.5
375.483	0.161	0.561	2.5
375.654	0.157	0.543	2.5
375.826	0.154	0.53	2.5
375.997	0.154	0.517	2.5
376.168	0.154	0.503	2.5
376.34	0.154	0.498	2.5
376.511	0.155	0.493	2.5
376.682	0.158	0.489	2.5
376.854	0.161	0.479	2.5
377.025	0.164	0.476	2.5
377.196	0.164	0.477	2.414
377.368	0.161	0.468	1.855
377.539	0.159	0.467	1.6
377.71	0.155	0.464	1.502
377.881	0.154	0.461	1.353
378.053	0.152	0.454	1.242
378.224	0.152	0.45	1.187
378.395	0.149	0.443	1.11
378.567	0.148	0.435	1.036
378.738	0.146	0.43	1
378.909	0.145	0.425	0.968
379.081	0.144	0.421	0.929
379.252	0.142	0.419	0.91
379.423	0.142	0.416	0.888
379.595	0.141	0.413	0.87
379.766	0.139	0.41	0.85
379.937	0.138	0.405	0.833
380.109	0.139	0.403	0.825
380.28	0.137	0.399	0.815
380.451	0.137	0.397	0.809
380.623	0.137	0.396	0.797
380.794	0.138	0.396	0.786
380.965	0.139	0.395	0.778
381.137	0.138	0.396	0.77
381.308	0.138	0.396	0.763
381.479	0.138	0.394	0.757
381.651	0.137	0.394	0.751
381.822	0.138	0.393	0.745
381.993	0.138	0.391	0.738
382.165	0.139	0.39	0.731
382.336	0.139	0.388	0.725
382.507	0.139	0.387	0.719
382.679	0.139	0.386	0.712
382.85	0.139	0.385	0.707
383.021	0.14	0.385	0.702
383.193	0.14	0.385	0.698
383.364	0.14	0.384	0.698
383.535	0.139	0.384	0.693
383.707	0.139	0.383	0.69
383.878	0.138	0.382	0.686
384.049	0.137	0.381	0.68
384.221	0.136	0.38	0.679
384.392	0.135	0.38	0.677
384.564	0.135	0.38	0.676
384.735	0.135	0.38	0.672
384.906	0.135	0.379	0.67
385.078	0.135	0.378	0.669
385.249	0.134	0.377	0.667
385.42	0.134	0.376	0.665
385.592	0.134	0.375	0.664
385.763	0.133	0.374	0.662
385.934	0.133	0.373	0.66
386.106	0.132	0.371	0.658
386.277	0.132	0.369	0.655
386.448	0.132	0.368	0.653
386.62	0.131	0.367	0.652
386.791	0.132	0.366	0.651
386.963	0.132	0.366	0.65
387.134	0.132	0.365	0.649
387.305	0.132	0.365	0.648
387.477	0.132	0.365	0.646
387.648	0.132	0.365	0.644
387.819	0.132	0.364	0.643
387.991	0.132	0.364	0.642
388.162	0.132	0.364	0.641
388.334	0.132	0.365	0.641
388.505	0.132	0.365	0.64
388.676	0.132	0.365	0.639
388.848	0.132	0.365	0.638
389.019	0.132	0.365	0.637
389.19	0.131	0.365	0.636
389.362	0.131	0.365	0.635
389.533	0.132	0.365	0.634
389.705	0.131	0.365	0.634
389.876	0.131	0.365	0.633
390.047	0.131	0.365	0.633
390.219	0.131	0.365	0.632
390.39	0.131	0.365	0.632
390.562	0.131	0.365	0.632
390.733	0.132	0.365	0.632
390.904	0.132	0.365	0.632
391.076	0.132	0.365	0.632
391.247	0.132	0.364	0.632
391.419	0.132	0.365	0.632
391.59	0.133	0.365	0.632
391.761	0.133	0.364	0.632
391.933	0.133	0.364	0.633
392.104	0.134	0.365	0.633
392.276	0.134	0.365	0.633
392.447	0.134	0.365	0.634
392.618	0.134	0.365	0.634
392.79	0.134	0.365	0.635
392.961	0.134	0.365	0.635
393.133	0.134	0.366	0.635
393.304	0.134	0.366	0.636
393.475	0.134	0.367	0.636
393.647	0.134	0.367	0.637
393.818	0.134	0.368	0.638
393.99	0.134	0.368	0.639
394.161	0.134	0.369	0.64
394.332	0.134	0.369	0.641
394.504	0.135	0.37	0.642
394.675	0.135	0.37	0.642
394.847	0.135	0.37	0.643
395.018	0.135	0.371	0.644
395.189	0.135	0.371	0.645
395.361	0.135	0.372	0.646
395.532	0.135	0.373	0.647
395.704	0.135	0.373	0.648
395.875	0.135	0.373	0.649
396.047	0.135	0.374	0.65
396.218	0.135	0.375	0.651
396.389	0.135	0.375	0.651
396.561	0.135	0.375	0.653
396.732	0.135	0.376	0.654
396.904	0.136	0.377	0.655
397.075	0.136	0.377	0.656
397.247	0.136	0.378	0.658
397.418	0.136	0.379	0.659
397.589	0.136	0.38	0.661
397.761	0.136	0.381	0.662
397.932	0.137	0.382	0.664
398.104	0.137	0.383	0.666
398.275	0.137	0.384	0.668
398.447	0.137	0.385	0.671
398.618	0.137	0.387	0.672
398.789	0.137	0.388	0.675
398.961	0.137	0.389	0.677
399.132	0.138	0.39	0.679
399.304	0.138	0.391	0.681
399.475	0.138	0.393	0.684
399.647	0.138	0.394	0.686
399.818	0.139	0.395	0.688
399.989	0.139	0.396	0.69
400.161	0.139	0.398	0.692
400.332	0.139	0.399	0.694
400.504	0.14	0.4	0.696
400.675	0.14	0.401	0.698
400.847	0.141	0.402	0.7
401.018	0.141	0.403	0.702
401.19	0.141	0.405	0.705
401.361	0.141	0.406	0.707
401.533	0.142	0.407	0.709
401.704	0.142	0.409	0.711
401.875	0.142	0.41	0.713
402.047	0.143	0.411	0.716
402.218	0.143	0.413	0.719
402.39	0.143	0.414	0.721
402.561	0.144	0.415	0.723
402.733	0.144	0.416	0.726
402.904	0.144	0.418	0.728
403.076	0.144	0.419	0.731
403.247	0.144	0.421	0.733
403.419	0.145	0.422	0.736
403.59	0.145	0.423	0.739
403.762	0.145	0.424	0.742
403.933	0.145	0.425	0.745
404.104	0.145	0.426	0.747
404.276	0.146	0.428	0.75
404.447	0.146	0.429	0.753
404.619	0.146	0.43	0.756
404.79	0.146	0.431	0.758
404.962	0.146	0.432	0.761
405.133	0.147	0.434	0.764
405.305	0.147	0.435	0.766
405.476	0.147	0.436	0.769
405.648	0.148	0.437	0.772
405.819	0.148	0.438	0.773
405.991	0.148	0.44	0.775
406.162	0.149	0.441	0.778
406.334	0.149	0.442	0.78
406.505	0.149	0.443	0.781
406.677	0.149	0.444	0.782
406.848	0.149	0.445	0.785
407.02	0.15	0.446	0.786
407.191	0.15	0.447	0.788
407.363	0.15	0.448	0.79
407.534	0.15	0.449	0.791
407.706	0.151	0.45	0.793
407.877	0.151	0.451	0.795
408.048	0.151	0.452	0.797
408.22	0.151	0.452	0.799
408.391	0.151	0.454	0.801
408.563	0.151	0.455	0.803
408.734	0.151	0.456	0.805
408.906	0.151	0.457	0.806
409.077	0.151	0.458	0.808
409.249	0.151	0.459	0.811
409.42	0.151	0.46	0.812
409.592	0.152	0.461	0.814
409.763	0.152	0.462	0.816
409.935	0.151	0.463	0.817
410.106	0.151	0.464	0.819
410.278	0.151	0.465	0.821
410.449	0.151	0.465	0.822
410.621	0.151	0.466	0.823
410.792	0.151	0.466	0.826
410.964	0.151	0.466	0.828
411.135	0.151	0.466	0.83
411.307	0.151	0.466	0.831
411.479	0.151	0.466	0.832
411.65	0.151	0.466	0.833
411.822	0.151	0.467	0.834
411.993	0.151	0.467	0.835
412.165	0.151	0.467	0.836
412.336	0.152	0.467	0.837
412.508	0.152	0.467	0.838
412.679	0.152	0.467	0.838
412.851	0.152	0.468	0.84
413.022	0.152	0.467	0.84
413.194	0.152	0.467	0.841
413.365	0.153	0.467	0.841
413.537	0.153	0.467	0.841
413.708	0.153	0.468	0.843
413.88	0.153	0.468	0.845
414.051	0.153	0.468	0.846
414.223	0.153	0.469	0.847
414.394	0.153	0.469	0.848
414.566	0.153	0.469	0.849
414.737	0.153	0.47	0.851
414.909	0.153	0.47	0.853
415.08	0.153	0.47	0.853
415.252	0.153	0.47	0.852
415.424	0.153	0.47	0.851
415.595	0.153	0.47	0.851
415.767	0.153	0.471	0.851
415.938	0.153	0.472	0.852
416.11	0.153	0.472	0.852
416.281	0.153	0.472	0.853
416.453	0.153	0.473	0.854
416.624	0.152	0.472	0.854
416.796	0.152	0.472	0.855
416.967	0.152	0.473	0.856
417.139	0.151	0.472	0.857
417.31	0.152	0.473	0.858
417.482	0.152	0.473	0.861
417.654	0.152	0.474	0.863
417.825	0.152	0.475	0.865
417.997	0.152	0.476	0.866
418.168	0.152	0.477	0.868
418.34	0.152	0.478	0.869
418.511	0.152	0.479	0.87
418.683	0.152	0.48	0.874
418.854	0.152	0.481	0.877
419.026	0.152	0.483	0.88
419.198	0.152	0.484	0.882
419.369	0.152	0.486	0.884
419.541	0.152	0.487	0.885
419.712	0.152	0.49	0.892
419.884	0.152	0.491	0.895
420.055	0.153	0.493	0.899
420.227	0.153	0.493	0.902
420.398	0.153	0.495	0.904
420.57	0.154	0.495	0.907
420.742	0.154	0.496	0.912
420.913	0.154	0.496	0.913
421.085	0.154	0.496	0.916
421.256	0.155	0.497	0.92
421.428	0.156	0.498	0.925
421.599	0.156	0.499	0.929
421.771	0.157	0.5	0.929
421.943	0.157	0.501	0.932
422.114	0.158	0.502	0.936
422.286	0.158	0.503	0.942
422.457	0.159	0.504	0.943
422.629	0.159	0.506	0.945
422.8	0.16	0.509	0.953
422.972	0.16	0.511	0.959
423.144	0.161	0.514	0.965
423.315	0.162	0.517	0.967
423.487	0.163	0.52	0.972
423.658	0.163	0.522	0.975
423.83	0.163	0.526	0.984
424.002	0.163	0.528	0.987
424.173	0.164	0.531	0.994
424.345	0.165	0.532	0.997
424.516	0.165	0.534	1.001
424.688	0.165	0.535	1.011
424.859	0.165	0.536	1.018
425.031	0.165	0.537	1.021
425.203	0.165	0.539	1.034
425.374	0.166	0.542	1.048
425.546	0.166	0.543	1.056
425.717	0.166	0.544	1.062
425.889	0.167	0.547	1.075
426.061	0.168	0.549	1.088
426.232	0.169	0.552	1.102
426.404	0.169	0.553	1.109
426.575	0.17	0.556	1.118
426.747	0.171	0.56	1.131
426.919	0.172	0.562	1.151
427.09	0.174	0.566	1.161
427.262	0.174	0.569	1.161
427.433	0.175	0.574	1.165
427.605	0.176	0.577	1.175
427.777	0.176	0.58	1.182
427.948	0.177	0.584	1.193
428.12	0.178	0.587	1.195
428.291	0.179	0.59	1.197
428.463	0.179	0.592	1.202
428.635	0.179	0.595	1.205
428.806	0.179	0.598	1.217
428.978	0.18	0.601	1.227
429.149	0.179	0.602	1.229
429.321	0.179	0.604	1.24
429.493	0.179	0.605	1.241
429.664	0.179	0.606	1.245
429.836	0.18	0.607	1.256
430.008	0.18	0.608	1.262
430.179	0.181	0.608	1.267
430.351	0.181	0.61	1.283
430.522	0.181	0.611	1.288
430.694	0.181	0.612	1.304
430.866	0.181	0.612	1.306
431.037	0.182	0.614	1.321
431.209	0.182	0.615	1.315
431.381	0.182	0.613	1.31
431.552	0.183	0.614	1.317
431.724	0.182	0.612	1.314
431.895	0.182	0.613	1.308
432.067	0.182	0.613	1.304
432.239	0.181	0.612	1.296
432.41	0.18	0.612	1.287
432.582	0.18	0.615	1.293
432.754	0.179	0.613	1.272
432.925	0.179	0.611	1.261
433.097	0.178	0.609	1.251
433.269	0.178	0.607	1.243
433.44	0.178	0.606	1.233
433.612	0.178	0.604	1.221
433.783	0.178	0.603	1.214
433.955	0.178	0.6	1.198
434.127	0.178	0.599	1.188
434.298	0.177	0.596	1.179
434.47	0.176	0.596	1.174
434.642	0.176	0.593	1.16
434.813	0.175	0.59	1.151
434.985	0.175	0.588	1.142
435.157	0.174	0.584	1.133
435.328	0.174	0.58	1.12
435.5	0.173	0.575	1.107
435.672	0.172	0.573	1.099
435.843	0.171	0.569	1.085
436.015	0.171	0.567	1.08
436.187	0.17	0.563	1.075
436.358	0.17	0.561	1.068
436.53	0.17	0.557	1.057
436.701	0.17	0.554	1.052
436.873	0.169	0.549	1.039
437.045	0.168	0.546	1.033
437.216	0.168	0.543	1.025
437.388	0.168	0.54	1.017
437.56	0.167	0.536	1.002
437.731	0.167	0.531	0.987
437.903	0.166	0.527	0.973
438.075	0.165	0.523	0.96
438.246	0.165	0.519	0.95
438.418	0.164	0.514	0.936
438.59	0.163	0.511	0.925
438.761	0.163	0.507	0.914
438.933	0.162	0.503	0.906
439.105	0.161	0.499	0.895
439.276	0.16	0.493	0.883
439.448	0.158	0.49	0.877
439.62	0.157	0.485	0.867
439.791	0.156	0.482	0.86
439.963	0.155	0.478	0.852
440.135	0.155	0.476	0.847
440.307	0.154	0.472	0.84
440.478	0.154	0.47	0.834
440.65	0.153	0.467	0.83
440.822	0.152	0.465	0.826
440.993	0.151	0.461	0.819
441.165	0.15	0.459	0.812
441.337	0.149	0.455	0.806
441.508	0.148	0.452	0.798
441.68	0.146	0.448	0.791
441.852	0.146	0.444	0.782
442.023	0.146	0.442	0.775
442.195	0.145	0.439	0.77
442.367	0.145	0.437	0.765
442.538	0.144	0.434	0.757
442.71	0.143	0.432	0.752
442.882	0.142	0.43	0.746
443.054	0.142	0.427	0.743
443.225	0.141	0.425	0.738
443.397	0.141	0.423	0.733
443.569	0.141	0.421	0.731
443.74	0.141	0.419	0.726
443.912	0.141	0.418	0.723
444.084	0.142	0.416	0.72
444.255	0.142	0.415	0.718
444.427	0.142	0.413	0.715
444.599	0.142	0.411	0.714
444.771	0.141	0.41	0.711
444.942	0.141	0.409	0.708
445.114	0.14	0.405	0.705
445.286	0.14	0.405	0.704
445.457	0.14	0.403	0.7
445.629	0.139	0.402	0.697
445.801	0.138	0.401	0.695
445.972	0.138	0.401	0.692
446.144	0.138	0.399	0.69
446.316	0.137	0.398	0.688
446.488	0.136	0.396	0.685
446.659	0.135	0.395	0.685
446.831	0.135	0.395	0.683
447.003	0.135	0.394	0.681
447.174	0.135	0.393	0.682
447.346	0.135	0.393	0.681
447.518	0.135	0.392	0.68
447.69	0.135	0.391	0.679
447.861	0.135	0.39	0.679
448.033	0.135	0.39	0.677
448.205	0.135	0.388	0.678
448.377	0.135	0.388	0.677
448.548	0.134	0.387	0.674
448.72	0.134	0.387	0.671
448.892	0.134	0.386	0.67
449.063	0.134	0.386	0.668
449.235	0.134	0.386	0.665
449.407	0.134	0.387	0.663
449.579	0.134	0.387	0.661
449.75	0.134	0.387	0.66
449.922	0.134	0.387	0.66
450.094	0.134	0.386	0.657
450.266	0.133	0.385	0.656
450.437	0.133	0.385	0.657
450.609	0.133	0.385	0.656
450.781	0.133	0.385	0.656
450.953	0.133	0.385	0.655
451.124	0.133	0.385	0.655
451.296	0.132	0.384	0.655
451.468	0.132	0.385	0.653
451.64	0.133	0.385	0.652
451.811	0.133	0.385	0.652
451.983	0.132	0.385	0.652
452.155	0.132	0.384	0.649
452.327	0.131	0.384	0.648
452.498	0.13	0.383	0.645
452.67	0.129	0.383	0.643
452.842	0.129	0.382	0.64
453.014	0.128	0.38	0.637
453.185	0.128	0.38	0.635
453.357	0.128	0.379	0.631
453.529	0.128	0.378	0.629
453.701	0.128	0.377	0.627
453.872	0.127	0.377	0.624
454.044	0.127	0.376	0.623
454.216	0.126	0.375	0.621
454.388	0.126	0.374	0.62
454.559	0.126	0.373	0.62
454.731	0.126	0.373	0.619
454.903	0.126	0.372	0.619
455.075	0.126	0.372	0.619
455.246	0.126	0.371	0.618
455.418	0.126	0.37	0.616
455.59	0.126	0.369	0.615
455.762	0.126	0.368	0.614
455.933	0.126	0.367	0.613
456.105	0.126	0.365	0.611
456.277	0.125	0.364	0.609
456.449	0.125	0.363	0.609
456.621	0.125	0.362	0.606
456.792	0.125	0.36	0.604
456.964	0.125	0.359	0.601
457.136	0.125	0.357	0.598
457.308	0.125	0.356	0.596
457.479	0.125	0.355	0.595
457.651	0.125	0.355	0.593
457.823	0.125	0.354	0.592
457.995	0.125	0.353	0.59
458.167	0.125	0.353	0.589
458.338	0.125	0.352	0.587
458.51	0.125	0.351	0.585
458.682	0.125	0.35	0.584
458.854	0.125	0.349	0.582
459.025	0.125	0.348	0.581
459.197	0.125	0.346	0.579
459.369	0.125	0.344	0.577
459.541	0.125	0.343	0.575
459.713	0.125	0.342	0.573
459.884	0.125	0.341	0.571
460.056	0.126	0.34	0.57
460.228	0.125	0.339	0.567
460.4	0.125	0.338	0.565
460.572	0.125	0.337	0.563
460.743	0.125	0.336	0.561
460.915	0.125	0.335	0.559
461.087	0.125	0.334	0.557
461.259	0.124	0.333	0.556
461.431	0.124	0.332	0.555
461.602	0.123	0.331	0.554
461.774	0.123	0.33	0.552
461.946	0.123	0.33	0.551
462.118	0.123	0.329	0.55
462.29	0.122	0.328	0.548
462.461	0.122	0.327	0.545
462.633	0.122	0.326	0.543
462.805	0.122	0.325	0.541
462.977	0.122	0.325	0.539
463.149	0.122	0.324	0.537
463.32	0.121	0.323	0.535
463.492	0.121	0.322	0.533
463.664	0.121	0.321	0.53
463.836	0.121	0.32	0.528
464.008	0.121	0.32	0.525
464.18	0.12	0.319	0.523
464.351	0.12	0.318	0.519
464.523	0.119	0.317	0.517
464.695	0.119	0.316	0.515
464.867	0.119	0.315	0.512
465.039	0.119	0.314	0.511
465.21	0.118	0.313	0.509
465.382	0.118	0.312	0.507
465.554	0.117	0.311	0.505
465.726	0.117	0.31	0.503
465.898	0.117	0.309	0.503
466.07	0.117	0.309	0.502
466.241	0.116	0.307	0.5
466.413	0.116	0.307	0.498
466.585	0.116	0.306	0.497
466.757	0.116	0.305	0.497
466.929	0.117	0.305	0.496
467.101	0.116	0.304	0.494
467.272	0.116	0.303	0.493
467.444	0.116	0.303	0.492
467.616	0.116	0.302	0.491
467.788	0.116	0.301	0.489
467.96	0.116	0.301	0.488
468.132	0.116	0.301	0.487
468.303	0.116	0.3	0.485
468.475	0.116	0.299	0.483
468.647	0.116	0.299	0.482
468.819	0.116	0.297	0.48
468.991	0.116	0.297	0.479
469.163	0.116	0.296	0.477
469.335	0.116	0.295	0.476
469.506	0.115	0.294	0.474
469.678	0.115	0.293	0.472
469.85	0.115	0.293	0.471
470.022	0.115	0.292	0.469
470.194	0.115	0.292	0.467
470.366	0.115	0.291	0.466
470.538	0.114	0.291	0.464
470.709	0.115	0.29	0.463
470.881	0.114	0.289	0.461
471.053	0.114	0.288	0.459
471.225	0.113	0.287	0.457
471.397	0.113	0.287	0.456
471.569	0.113	0.286	0.455
471.741	0.113	0.285	0.453
471.912	0.113	0.284	0.451
472.084	0.113	0.284	0.45
472.256	0.112	0.282	0.447
472.428	0.112	0.281	0.446
472.6	0.112	0.28	0.444
472.772	0.112	0.279	0.442
472.944	0.112	0.277	0.439
473.115	0.112	0.276	0.437
473.287	0.112	0.275	0.435
473.459	0.112	0.274	0.433
473.631	0.112	0.273	0.43
473.803	0.112	0.272	0.428
473.975	0.112	0.271	0.425
474.147	0.112	0.269	0.422
474.319	0.112	0.268	0.419
474.49	0.111	0.267	0.417
474.662	0.111	0.265	0.414
474.834	0.11	0.263	0.411
475.006	0.11	0.262	0.408
475.178	0.109	0.26	0.406
475.35	0.108	0.258	0.403
475.522	0.108	0.256	0.4
475.694	0.107	0.254	0.397
475.865	0.107	0.252	0.395
476.037	0.106	0.25	0.392
476.209	0.105	0.248	0.389
476.381	0.104	0.246	0.386
476.553	0.104	0.245	0.384
476.725	0.103	0.243	0.382
476.897	0.103	0.241	0.379
477.069	0.102	0.24	0.377
477.241	0.102	0.238	0.375
477.413	0.102	0.236	0.373
477.584	0.102	0.235	0.37
477.756	0.101	0.234	0.368
477.928	0.101	0.233	0.365
478.1	0.101	0.231	0.363
478.272	0.101	0.23	0.36
478.444	0.1	0.229	0.358
478.616	0.1	0.227	0.355
478.788	0.1	0.225	0.352
478.96	0.1	0.224	0.349
479.132	0.1	0.222	0.346
479.303	0.099	0.221	0.343
479.475	0.099	0.219	0.34
479.647	0.098	0.217	0.337
479.819	0.097	0.216	0.334
479.991	0.097	0.214	0.331
480.163	0.096	0.212	0.328
480.335	0.096	0.211	0.326
480.507	0.095	0.209	0.323
480.679	0.095	0.208	0.321
480.851	0.094	0.207	0.319
481.023	0.094	0.205	0.316
481.194	0.093	0.204	0.314
481.366	0.093	0.203	0.312
481.538	0.093	0.201	0.309
481.71	0.092	0.2	0.307
481.882	0.092	0.199	0.305
482.054	0.092	0.197	0.303
482.226	0.092	0.196	0.301
482.398	0.091	0.194	0.298
482.57	0.091	0.193	0.296
482.742	0.09	0.191	0.293
482.914	0.09	0.189	0.29
483.086	0.09	0.187	0.288
483.258	0.089	0.185	0.285
483.429	0.089	0.184	0.283
483.601	0.089	0.182	0.28
483.773	0.088	0.18	0.278
483.945	0.088	0.179	0.275
484.117	0.088	0.177	0.273
484.289	0.087	0.176	0.271
484.461	0.087	0.174	0.268
484.633	0.086	0.173	0.266
484.805	0.086	0.171	0.264
484.977	0.086	0.17	0.262
485.149	0.086	0.169	0.26
485.321	0.086	0.168	0.258
485.493	0.085	0.166	0.256
485.665	0.085	0.165	0.254
485.837	0.085	0.164	0.252
486.009	0.084	0.163	0.25
486.18	0.084	0.162	0.248
486.352	0.084	0.161	0.246
486.524	0.083	0.159	0.243
486.696	0.083	0.158	0.241
486.868	0.083	0.157	0.239
487.04	0.083	0.155	0.237
487.212	0.082	0.154	0.235
487.384	0.082	0.153	0.233
487.556	0.082	0.152	0.232
487.728	0.081	0.15	0.23
487.9	0.081	0.149	0.228
488.072	0.08	0.148	0.226
488.244	0.08	0.147	0.224
488.416	0.08	0.146	0.223
488.588	0.08	0.145	0.221
488.76	0.079	0.144	0.219
488.932	0.079	0.143	0.217
489.104	0.079	0.142	0.216
489.276	0.078	0.141	0.214
489.448	0.078	0.14	0.212
489.62	0.078	0.139	0.21
489.792	0.077	0.138	0.209
489.964	0.077	0.138	0.207
490.135	0.077	0.136	0.205
490.307	0.077	0.136	0.204
490.479	0.077	0.135	0.202
490.651	0.077	0.134	0.2
490.823	0.077	0.133	0.199
490.995	0.077	0.132	0.197
491.167	0.077	0.131	0.196
491.339	0.077	0.13	0.195
491.511	0.077	0.129	0.194
491.683	0.077	0.128	0.192
491.855	0.077	0.127	0.191
492.027	0.077	0.127	0.19
492.199	0.077	0.126	0.189
492.371	0.077	0.125	0.187
492.543	0.077	0.124	0.186
492.715	0.077	0.124	0.185
492.887	0.076	0.123	0.184
493.059	0.076	0.122	0.183
493.231	0.076	0.122	0.181
493.403	0.075	0.121	0.18
493.575	0.075	0.121	0.178
493.747	0.075	0.12	0.177
493.919	0.074	0.12	0.176
494.091	0.074	0.119	0.174
494.263	0.074	0.119	0.173
494.435	0.074	0.118	0.172
494.607	0.073	0.118	0.17
494.779	0.073	0.118	0.169
494.951	0.073	0.117	0.168
495.123	0.073	0.117	0.167
495.295	0.073	0.116	0.166
495.467	0.073	0.116	0.165
495.639	0.073	0.116	0.164
495.811	0.073	0.115	0.163
495.983	0.073	0.114	0.162
496.155	0.072	0.114	0.161
496.327	0.072	0.113	0.161
496.499	0.072	0.113	0.16
496.671	0.072	0.112	0.159
496.843	0.072	0.112	0.158
497.015	0.072	0.111	0.158
497.187	0.071	0.111	0.157
497.359	0.071	0.11	0.156
497.531	0.071	0.11	0.155
497.703	0.07	0.109	0.154
497.875	0.07	0.109	0.153
498.047	0.07	0.109	0.153
498.219	0.07	0.108	0.152
498.391	0.07	0.108	0.151
498.563	0.07	0.108	0.151
498.735	0.07	0.107	0.15
498.907	0.07	0.107	0.149
499.079	0.07	0.107	0.149
499.251	0.07	0.106	0.148
499.423	0.07	0.106	0.148
499.595	0.07	0.106	0.147
499.767	0.07	0.105	0.146
499.939	0.07	0.105	0.146
500.111	0.07	0.105	0.145
500.283	0.07	0.104	0.144
500.455	0.07	0.104	0.144
500.627	0.07	0.103	0.143
500.799	0.069	0.103	0.142
500.971	0.069	0.103	0.141
501.144	0.069	0.102	0.141
501.316	0.069	0.102	0.14
501.488	0.069	0.102	0.139
501.66	0.069	0.101	0.139
501.832	0.068	0.101	0.138
502.004	0.068	0.101	0.138
502.176	0.068	0.101	0.137
502.348	0.068	0.1	0.136
502.52	0.068	0.1	0.136
502.692	0.068	0.099	0.135
502.864	0.068	0.099	0.135
503.036	0.068	0.099	0.134
503.208	0.068	0.099	0.134
503.38	0.068	0.098	0.133
503.552	0.068	0.098	0.133
503.724	0.067	0.098	0.132
503.896	0.067	0.098	0.132
504.068	0.067	0.098	0.132
504.24	0.067	0.097	0.131
504.412	0.067	0.097	0.131
504.584	0.067	0.097	0.13
504.756	0.067	0.097	0.129
504.928	0.067	0.097	0.129
505.101	0.067	0.097	0.129
505.273	0.067	0.097	0.128
505.445	0.067	0.096	0.128
505.617	0.067	0.096	0.128
505.789	0.067	0.096	0.127
505.961	0.067	0.096	0.127
506.133	0.067	0.096	0.127
506.305	0.067	0.095	0.126
506.477	0.067	0.095	0.126
506.649	0.067	0.095	0.126
506.821	0.067	0.095	0.125
506.993	0.067	0.095	0.125
507.165	0.067	0.095	0.124
507.337	0.067	0.094	0.124
507.509	0.067	0.094	0.124
507.681	0.067	0.094	0.123
507.854	0.067	0.094	0.123
508.026	0.067	0.094	0.122
508.198	0.067	0.094	0.122
508.37	0.067	0.094	0.122
508.542	0.067	0.094	0.122
508.714	0.067	0.094	0.121
508.886	0.067	0.094	0.121
509.058	0.067	0.094	0.121
509.23	0.067	0.093	0.12
509.402	0.067	0.093	0.12
509.574	0.067	0.093	0.12
509.746	0.067	0.093	0.12
509.918	0.067	0.093	0.12
510.091	0.067	0.093	0.119
510.263	0.067	0.093	0.119
510.435	0.067	0.093	0.119
510.607	0.067	0.093	0.119
510.779	0.067	0.092	0.119
510.951	0.067	0.092	0.119
511.123	0.066	0.092	0.118
511.295	0.066	0.092	0.118
511.467	0.066	0.092	0.118
511.639	0.066	0.092	0.117
511.811	0.066	0.091	0.117
511.984	0.065	0.091	0.117
512.156	0.065	0.091	0.116
512.328	0.065	0.091	0.116
512.5	0.065	0.091	0.116
512.672	0.065	0.091	0.116
512.844	0.065	0.091	0.115
513.016	0.065	0.091	0.115
513.188	0.065	0.091	0.115
513.36	0.065	0.09	0.114
513.532	0.065	0.09	0.114
513.705	0.065	0.09	0.114
513.877	0.065	0.09	0.114
514.049	0.065	0.09	0.114
514.221	0.065	0.09	0.114
514.393	0.065	0.09	0.114
514.565	0.065	0.09	0.114
514.737	0.065	0.09	0.113
514.909	0.065	0.09	0.113
515.081	0.065	0.09	0.113
515.254	0.065	0.09	0.113
515.426	0.065	0.09	0.113
515.598	0.065	0.09	0.112
515.77	0.065	0.09	0.112
515.942	0.065	0.09	0.112
516.114	0.065	0.09	0.112
516.286	0.065	0.09	0.112
516.458	0.065	0.09	0.112
516.631	0.065	0.09	0.112
516.803	0.065	0.09	0.112
516.975	0.065	0.09	0.112
517.147	0.065	0.09	0.112
517.319	0.065	0.09	0.112
517.491	0.065	0.09	0.111
517.663	0.065	0.09	0.111
517.835	0.065	0.09	0.111
518.008	0.065	0.09	0.111
518.18	0.065	0.09	0.111
518.352	0.064	0.09	0.111
518.524	0.064	0.089	0.111
518.696	0.064	0.089	0.111
518.868	0.064	0.089	0.111
519.04	0.064	0.089	0.111
519.212	0.064	0.089	0.111
519.385	0.064	0.089	0.111
519.557	0.064	0.089	0.111
519.729	0.064	0.089	0.111
519.901	0.064	0.089	0.111
520.073	0.064	0.089	0.111
520.245	0.064	0.089	0.111
520.417	0.064	0.089	0.111
520.59	0.064	0.089	0.111
520.762	0.064	0.089	0.111
520.934	0.064	0.089	0.111
521.106	0.065	0.09	0.111
521.278	0.065	0.089	0.111
521.45	0.065	0.09	0.111
521.622	0.065	0.09	0.111
521.795	0.065	0.09	0.111
521.967	0.065	0.09	0.111
522.139	0.065	0.09	0.111
522.311	0.065	0.09	0.111
522.483	0.065	0.09	0.111
522.655	0.065	0.09	0.111
522.828	0.065	0.09	0.111
523	0.065	0.09	0.111
523.172	0.065	0.09	0.111
523.344	0.065	0.09	0.111
523.516	0.065	0.09	0.111
523.688	0.065	0.09	0.111
523.861	0.065	0.09	0.111
524.033	0.065	0.091	0.111
524.205	0.064	0.091	0.111
524.377	0.064	0.091	0.111
524.549	0.065	0.091	0.112
524.721	0.065	0.091	0.112
524.894	0.065	0.091	0.112
525.066	0.065	0.091	0.112
525.238	0.064	0.091	0.112
525.41	0.064	0.091	0.112
525.582	0.064	0.091	0.112
525.754	0.064	0.091	0.112
525.927	0.064	0.091	0.112
526.099	0.064	0.091	0.112
526.271	0.064	0.091	0.112
526.443	0.064	0.091	0.112
526.615	0.064	0.091	0.112
526.787	0.064	0.091	0.112
526.96	0.064	0.091	0.112
527.132	0.064	0.091	0.113
527.304	0.064	0.091	0.113
527.476	0.064	0.091	0.113
527.648	0.064	0.091	0.113
527.821	0.064	0.091	0.114
527.993	0.064	0.091	0.114
528.165	0.064	0.091	0.114
528.337	0.064	0.091	0.114
528.509	0.064	0.092	0.114
528.682	0.064	0.092	0.114
528.854	0.064	0.092	0.114
529.026	0.064	0.092	0.114
529.198	0.064	0.092	0.113
529.37	0.064	0.092	0.113
529.543	0.065	0.092	0.113
529.715	0.065	0.092	0.113
529.887	0.064	0.091	0.113
530.059	0.064	0.091	0.113
530.231	0.064	0.091	0.113
530.404	0.064	0.091	0.113
530.576	0.064	0.091	0.113
530.748	0.064	0.091	0.113
530.92	0.064	0.092	0.113
531.092	0.064	0.092	0.113
531.265	0.064	0.092	0.114
531.437	0.064	0.092	0.114
531.609	0.064	0.092	0.114
531.781	0.064	0.092	0.114
531.953	0.065	0.092	0.114
532.126	0.065	0.092	0.114
532.298	0.065	0.092	0.114
532.47	0.064	0.093	0.114
532.642	0.065	0.093	0.115
532.814	0.065	0.093	0.115
532.987	0.064	0.093	0.115
533.159	0.065	0.093	0.115
533.331	0.065	0.093	0.115
533.503	0.065	0.093	0.115
533.676	0.065	0.093	0.115
533.848	0.065	0.093	0.115
534.02	0.065	0.093	0.114
534.192	0.065	0.093	0.114
534.364	0.065	0.093	0.115
534.537	0.065	0.093	0.115
534.709	0.065	0.093	0.115
534.881	0.065	0.093	0.115
535.053	0.065	0.093	0.115
535.226	0.065	0.093	0.115
535.398	0.065	0.093	0.115
535.57	0.065	0.093	0.115
535.742	0.065	0.093	0.115
535.914	0.065	0.093	0.115
536.087	0.065	0.093	0.114
536.259	0.065	0.092	0.114
536.431	0.065	0.092	0.114
536.603	0.065	0.092	0.114
536.776	0.065	0.092	0.114
536.948	0.065	0.092	0.114
537.12	0.065	0.092	0.113
537.292	0.065	0.092	0.113
537.465	0.064	0.092	0.113
537.637	0.065	0.092	0.113
537.809	0.065	0.092	0.113
537.981	0.065	0.092	0.112
538.154	0.064	0.092	0.112
538.326	0.064	0.092	0.112
538.498	0.064	0.092	0.112
538.67	0.064	0.092	0.112
538.843	0.064	0.092	0.112
539.015	0.064	0.092	0.112
539.187	0.064	0.092	0.112
539.359	0.064	0.092	0.112
539.532	0.064	0.092	0.112
539.704	0.064	0.092	0.112
539.876	0.064	0.092	0.112
540.048	0.064	0.092	0.111
540.221	0.064	0.092	0.112
540.393	0.064	0.092	0.111
540.565	0.064	0.092	0.111
540.737	0.064	0.092	0.112
540.91	0.064	0.092	0.111
541.082	0.064	0.092	0.111
541.254	0.064	0.091	0.111
541.427	0.064	0.091	0.111
541.599	0.064	0.091	0.111
541.771	0.064	0.091	0.111
541.943	0.064	0.091	0.111
542.116	0.064	0.091	0.11
542.288	0.064	0.091	0.11
542.46	0.064	0.09	0.11
542.632	0.064	0.09	0.11
542.805	0.063	0.09	0.109
542.977	0.063	0.09	0.109
543.149	0.063	0.09	0.109
543.321	0.063	0.09	0.109
543.494	0.063	0.09	0.109
543.666	0.063	0.09	0.108
543.838	0.063	0.09	0.108
544.011	0.063	0.09	0.108
544.183	0.063	0.09	0.108
544.355	0.063	0.09	0.108
544.527	0.063	0.09	0.108
544.7	0.063	0.09	0.109
544.872	0.063	0.09	0.109
545.044	0.063	0.09	0.109
545.217	0.063	0.09	0.109
545.389	0.063	0.09	0.108
545.561	0.063	0.09	0.108
545.733	0.063	0.09	0.108
545.906	0.063	0.09	0.108
546.078	0.063	0.09	0.108
546.25	0.063	0.089	0.108
546.423	0.063	0.089	0.107
546.595	0.063	0.089	0.107
546.767	0.063	0.089	0.107
546.94	0.063	0.089	0.107
547.112	0.063	0.089	0.107
547.284	0.063	0.089	0.107
547.456	0.063	0.089	0.107
547.629	0.063	0.089	0.107
547.801	0.063	0.089	0.107
547.973	0.063	0.089	0.107
548.146	0.063	0.089	0.107
548.318	0.063	0.089	0.107
548.49	0.063	0.089	0.107
548.663	0.063	0.089	0.107
548.835	0.063	0.089	0.107
549.007	0.063	0.089	0.107
549.18	0.063	0.089	0.107
549.352	0.063	0.089	0.107
549.524	0.063	0.089	0.107
549.696	0.063	0.089	0.107
549.869	0.063	0.089	0.107
550.041	0.063	0.089	0.107
550.213	0.063	0.089	0.107
550.386	0.063	0.089	0.107
550.558	0.063	0.09	0.107
550.73	0.063	0.09	0.107
550.903	0.063	0.09	0.107
551.075	0.063	0.09	0.107
551.247	0.063	0.09	0.107
551.42	0.063	0.09	0.107
551.592	0.063	0.09	0.107
551.764	0.063	0.09	0.107
551.937	0.063	0.09	0.107
552.109	0.063	0.09	0.107
552.281	0.063	0.09	0.107
552.454	0.063	0.09	0.107
552.626	0.063	0.09	0.107
552.798	0.063	0.09	0.107
552.971	0.063	0.09	0.107
553.143	0.063	0.09	0.107
553.315	0.063	0.09	0.108
553.488	0.063	0.09	0.108
553.66	0.063	0.09	0.108
553.832	0.063	0.09	0.108
554.005	0.064	0.091	0.108
554.177	0.064	0.091	0.108
554.349	0.064	0.09	0.108
554.522	0.064	0.091	0.108
554.694	0.064	0.091	0.108
554.866	0.064	0.091	0.109
555.039	0.064	0.091	0.109
555.211	0.064	0.091	0.109
555.383	0.064	0.091	0.109
555.556	0.064	0.091	0.109
555.728	0.063	0.091	0.109
555.9	0.063	0.091	0.109
556.073	0.064	0.091	0.109
556.245	0.064	0.091	0.11
556.417	0.064	0.091	0.11
556.59	0.064	0.091	0.11
556.762	0.063	0.091	0.11
556.935	0.063	0.091	0.11
557.107	0.063	0.091	0.11
557.279	0.063	0.091	0.11
557.452	0.064	0.091	0.11
557.624	0.064	0.092	0.11
557.796	0.064	0.092	0.11
557.969	0.064	0.092	0.11
558.141	0.064	0.092	0.111
558.313	0.064	0.092	0.111
558.486	0.064	0.092	0.111
558.658	0.064	0.093	0.111
558.831	0.064	0.093	0.111
559.003	0.064	0.093	0.111
559.175	0.064	0.093	0.111
559.348	0.064	0.093	0.111
559.52	0.065	0.094	0.112
559.692	0.065	0.094	0.112
559.865	0.064	0.094	0.112
560.037	0.065	0.094	0.112
560.209	0.065	0.094	0.112
560.382	0.065	0.094	0.112
560.554	0.064	0.094	0.112
560.727	0.064	0.094	0.112
560.899	0.064	0.094	0.113
561.071	0.064	0.094	0.113
561.244	0.064	0.094	0.113
561.416	0.064	0.094	0.113
561.589	0.064	0.094	0.113
561.761	0.064	0.094	0.113
561.933	0.064	0.094	0.114
562.106	0.064	0.094	0.114
562.278	0.064	0.095	0.114
562.45	0.064	0.095	0.114
562.623	0.064	0.095	0.114
562.795	0.064	0.095	0.115
562.968	0.065	0.095	0.115
563.14	0.065	0.096	0.115
563.312	0.065	0.096	0.115
563.485	0.065	0.096	0.115
563.657	0.065	0.096	0.116
563.83	0.065	0.096	0.116
564.002	0.065	0.096	0.116
564.174	0.065	0.097	0.116
564.347	0.065	0.097	0.117
564.519	0.065	0.097	0.117
564.692	0.065	0.097	0.117
564.864	0.065	0.097	0.117
565.036	0.065	0.097	0.117
565.209	0.065	0.097	0.117
565.381	0.064	0.097	0.117
565.554	0.065	0.097	0.118
565.726	0.064	0.097	0.118
565.898	0.065	0.097	0.118
566.071	0.065	0.097	0.118
566.243	0.065	0.098	0.118
566.416	0.065	0.098	0.118
566.588	0.065	0.098	0.118
566.76	0.065	0.098	0.118
566.933	0.065	0.098	0.118
567.105	0.065	0.098	0.119
567.278	0.065	0.098	0.119
567.45	0.065	0.099	0.119
567.623	0.065	0.099	0.119
567.795	0.065	0.099	0.119
567.967	0.065	0.099	0.119
568.14	0.065	0.099	0.119
568.312	0.065	0.099	0.119
568.485	0.065	0.099	0.12
568.657	0.065	0.099	0.12
568.829	0.065	0.099	0.12
569.002	0.065	0.099	0.12
569.174	0.065	0.099	0.12
569.347	0.065	0.1	0.121
569.519	0.065	0.1	0.121
569.692	0.065	0.1	0.121
569.864	0.065	0.1	0.121
570.036	0.065	0.1	0.122
570.209	0.065	0.1	0.122
570.381	0.065	0.1	0.122
570.554	0.065	0.1	0.122
570.726	0.065	0.1	0.122
570.899	0.065	0.1	0.122
571.071	0.065	0.101	0.122
571.244	0.065	0.101	0.123
571.416	0.065	0.101	0.123
571.588	0.065	0.101	0.123
571.761	0.065	0.101	0.123
571.933	0.065	0.101	0.123
572.106	0.065	0.101	0.123
572.278	0.065	0.101	0.123
572.451	0.065	0.101	0.123
572.623	0.065	0.101	0.123
572.796	0.065	0.101	0.123
572.968	0.065	0.101	0.123
573.14	0.065	0.101	0.123
573.313	0.065	0.101	0.124
573.485	0.065	0.101	0.124
573.658	0.065	0.101	0.124
573.83	0.065	0.102	0.124
574.003	0.066	0.102	0.124
574.175	0.066	0.102	0.125
574.348	0.066	0.102	0.125
574.52	0.066	0.102	0.125
574.693	0.066	0.102	0.125
574.865	0.066	0.102	0.125
575.037	0.066	0.103	0.125
575.21	0.066	0.103	0.125
575.382	0.066	0.103	0.125
575.555	0.066	0.103	0.125
575.727	0.066	0.103	0.126
575.9	0.066	0.103	0.126
576.072	0.066	0.103	0.125
576.245	0.066	0.102	0.125
576.417	0.066	0.102	0.125
576.59	0.066	0.103	0.126
576.762	0.066	0.103	0.126
576.935	0.066	0.103	0.126
577.107	0.066	0.103	0.126
577.28	0.066	0.103	0.126
577.452	0.066	0.103	0.126
577.624	0.066	0.103	0.126
577.797	0.066	0.103	0.126
577.969	0.066	0.103	0.126
578.142	0.066	0.103	0.126
578.314	0.066	0.103	0.126
578.487	0.066	0.103	0.126
578.659	0.066	0.103	0.127
578.832	0.066	0.104	0.127
579.004	0.066	0.104	0.127
579.177	0.066	0.104	0.127
579.349	0.066	0.104	0.127
579.522	0.066	0.104	0.127
579.694	0.066	0.104	0.127
579.867	0.066	0.104	0.127
580.039	0.066	0.104	0.127
580.212	0.066	0.104	0.127
580.384	0.066	0.104	0.127
580.557	0.066	0.104	0.127
580.729	0.066	0.104	0.127
580.902	0.066	0.104	0.127
581.074	0.066	0.104	0.127
581.247	0.066	0.104	0.127
581.419	0.066	0.104	0.127
581.592	0.066	0.104	0.127
581.764	0.066	0.104	0.127
581.937	0.066	0.104	0.127
582.109	0.066	0.104	0.127
582.282	0.066	0.104	0.127
582.454	0.066	0.104	0.127
582.627	0.066	0.104	0.127
582.799	0.066	0.104	0.127
582.972	0.066	0.104	0.127
583.144	0.066	0.104	0.127
583.317	0.066	0.104	0.127
583.489	0.066	0.104	0.127
583.662	0.066	0.104	0.127
583.834	0.066	0.104	0.127
584.007	0.066	0.104	0.127
584.179	0.066	0.104	0.126
584.352	0.066	0.104	0.127
584.524	0.066	0.104	0.126
584.697	0.066	0.104	0.126
584.869	0.066	0.103	0.126
585.042	0.066	0.103	0.126
585.214	0.066	0.103	0.126
585.387	0.066	0.103	0.126
585.559	0.066	0.103	0.126
585.732	0.066	0.103	0.126
585.904	0.066	0.103	0.126
586.077	0.066	0.103	0.126
586.25	0.066	0.103	0.126
586.422	0.066	0.103	0.126
586.595	0.066	0.103	0.126
586.767	0.066	0.103	0.126
586.94	0.066	0.103	0.126
587.112	0.066	0.103	0.126
587.285	0.066	0.103	0.125
587.457	0.066	0.103	0.125
587.63	0.066	0.103	0.125
587.802	0.066	0.103	0.125
587.975	0.066	0.103	0.125
588.147	0.066	0.103	0.125
588.32	0.066	0.103	0.125
588.492	0.066	0.103	0.125
588.665	0.066	0.103	0.125
588.838	0.066	0.103	0.125
589.01	0.066	0.102	0.124
589.183	0.066	0.102	0.124
589.355	0.066	0.102	0.125
589.528	0.066	0.102	0.124
589.7	0.066	0.103	0.124
589.873	0.066	0.103	0.125
590.045	0.066	0.103	0.125
590.218	0.066	0.103	0.125
590.39	0.066	0.103	0.125
590.563	0.066	0.103	0.125
590.736	0.066	0.103	0.125
590.908	0.066	0.103	0.125
591.081	0.066	0.103	0.125
591.253	0.066	0.103	0.125
591.426	0.066	0.103	0.125
591.598	0.066	0.103	0.125
591.771	0.066	0.103	0.124
591.943	0.066	0.103	0.125
592.116	0.066	0.103	0.124
592.289	0.066	0.103	0.125
592.461	0.066	0.103	0.125
592.634	0.066	0.103	0.125
592.806	0.066	0.103	0.124
592.979	0.066	0.103	0.125
593.151	0.066	0.103	0.125
593.324	0.066	0.103	0.125
593.496	0.066	0.103	0.125
593.669	0.066	0.103	0.125
593.842	0.066	0.103	0.125
594.014	0.066	0.103	0.126
594.187	0.066	0.103	0.126
594.359	0.066	0.104	0.126
594.532	0.066	0.104	0.126
594.704	0.066	0.104	0.126
594.877	0.066	0.104	0.127
595.05	0.066	0.104	0.127
595.222	0.066	0.104	0.127
595.395	0.066	0.104	0.127
595.567	0.066	0.105	0.128
595.74	0.066	0.105	0.128
595.913	0.066	0.105	0.128
596.085	0.066	0.105	0.128
596.258	0.066	0.106	0.128
596.43	0.066	0.106	0.129
596.603	0.067	0.106	0.129
596.775	0.067	0.106	0.129
596.948	0.067	0.106	0.13
597.121	0.067	0.106	0.13
597.293	0.067	0.106	0.13
597.466	0.067	0.107	0.13
597.638	0.067	0.107	0.131
597.811	0.067	0.107	0.131
597.984	0.067	0.107	0.131
598.156	0.067	0.107	0.132
598.329	0.067	0.107	0.132
598.501	0.067	0.107	0.132
598.674	0.067	0.108	0.132
598.847	0.067	0.108	0.132
599.019	0.067	0.108	0.133
599.192	0.067	0.108	0.133
599.364	0.067	0.108	0.133
599.537	0.067	0.109	0.134
599.71	0.067	0.109	0.134
599.882	0.067	0.109	0.134
600.055	0.067	0.109	0.135
600.227	0.067	0.109	0.135
600.4	0.067	0.11	0.136
600.573	0.067	0.11	0.136
600.745	0.068	0.11	0.136
600.918	0.068	0.11	0.137
601.09	0.068	0.11	0.137
601.263	0.068	0.111	0.137
601.436	0.068	0.111	0.138
601.608	0.068	0.111	0.138
601.781	0.068	0.111	0.138
601.954	0.068	0.112	0.139
602.126	0.068	0.112	0.139
602.299	0.068	0.112	0.139
602.471	0.068	0.112	0.139
602.644	0.068	0.112	0.14
602.817	0.068	0.113	0.14
602.989	0.068	0.113	0.14
603.162	0.068	0.113	0.14
603.334	0.068	0.113	0.141
603.507	0.068	0.114	0.141
603.68	0.069	0.114	0.141
603.852	0.069	0.114	0.142
604.025	0.069	0.114	0.142
604.198	0.069	0.115	0.142
604.37	0.069	0.115	0.143
604.543	0.069	0.115	0.143
604.716	0.069	0.115	0.144
604.888	0.069	0.115	0.144
605.061	0.069	0.116	0.144
605.233	0.069	0.116	0.144
605.406	0.069	0.116	0.145
605.579	0.069	0.116	0.145
605.751	0.069	0.116	0.145
605.924	0.069	0.117	0.146
606.097	0.069	0.117	0.146
606.269	0.069	0.117	0.146
606.442	0.069	0.117	0.147
606.615	0.069	0.117	0.147
606.787	0.069	0.118	0.147
606.96	0.069	0.118	0.148
607.132	0.069	0.118	0.148
607.305	0.069	0.118	0.148
607.478	0.069	0.118	0.148
607.65	0.069	0.118	0.149
607.823	0.069	0.119	0.149
607.996	0.069	0.119	0.149
608.168	0.069	0.119	0.149
608.341	0.069	0.119	0.15
608.514	0.069	0.119	0.15
608.686	0.069	0.119	0.15
608.859	0.069	0.119	0.15
609.032	0.069	0.119	0.15
609.204	0.069	0.119	0.151
609.377	0.069	0.119	0.151
609.55	0.069	0.119	0.151
609.722	0.069	0.119	0.151
609.895	0.069	0.12	0.152
610.068	0.069	0.12	0.152
610.24	0.069	0.12	0.152
610.413	0.069	0.12	0.152
610.586	0.069	0.12	0.152
610.758	0.069	0.12	0.152
610.931	0.069	0.12	0.153
611.104	0.07	0.121	0.153
611.276	0.07	0.121	0.153
611.449	0.07	0.121	0.153
611.622	0.07	0.121	0.153
611.794	0.07	0.121	0.153
611.967	0.07	0.121	0.153
612.14	0.07	0.122	0.154
612.312	0.07	0.122	0.154
612.485	0.07	0.122	0.154
612.658	0.07	0.122	0.154
612.83	0.07	0.122	0.154
613.003	0.07	0.122	0.154
613.176	0.07	0.122	0.154
613.348	0.07	0.122	0.155
613.521	0.07	0.122	0.155
613.694	0.07	0.122	0.155
613.866	0.07	0.123	0.155
614.039	0.07	0.123	0.155
614.212	0.07	0.123	0.155
614.385	0.07	0.123	0.155
614.557	0.07	0.123	0.155
614.73	0.07	0.123	0.155
614.903	0.07	0.123	0.155
615.075	0.07	0.122	0.155
615.248	0.07	0.122	0.155
615.421	0.07	0.122	0.155
615.593	0.07	0.122	0.155
615.766	0.07	0.122	0.155
615.939	0.07	0.122	0.155
616.111	0.07	0.122	0.155
616.284	0.07	0.122	0.155
616.457	0.07	0.122	0.154
616.63	0.07	0.122	0.154
616.802	0.07	0.122	0.154
616.975	0.07	0.122	0.154
617.148	0.07	0.122	0.154
617.32	0.07	0.122	0.154
617.493	0.07	0.122	0.154
617.666	0.07	0.122	0.154
617.839	0.07	0.122	0.154
618.011	0.07	0.122	0.154
618.184	0.07	0.122	0.154
618.357	0.07	0.122	0.154
618.529	0.07	0.122	0.153
618.702	0.07	0.122	0.153
618.875	0.07	0.122	0.153
619.047	0.07	0.122	0.153
619.22	0.07	0.121	0.153
619.393	0.07	0.121	0.153
619.566	0.07	0.121	0.153
619.738	0.07	0.121	0.153
619.911	0.07	0.121	0.152
620.084	0.07	0.121	0.152
620.257	0.07	0.121	0.152
620.429	0.07	0.121	0.152
620.602	0.07	0.121	0.152
620.775	0.07	0.121	0.152
620.947	0.07	0.121	0.152
621.12	0.07	0.121	0.151
621.293	0.07	0.12	0.151
621.466	0.07	0.12	0.151
621.638	0.07	0.12	0.151
621.811	0.07	0.12	0.151
621.984	0.07	0.12	0.151
622.157	0.07	0.12	0.151
622.329	0.07	0.12	0.15
622.502	0.07	0.12	0.15
622.675	0.07	0.12	0.15
622.847	0.07	0.12	0.15
623.02	0.07	0.119	0.15
623.193	0.07	0.119	0.149
623.366	0.07	0.119	0.149
623.538	0.07	0.119	0.149
623.711	0.07	0.119	0.149
623.884	0.07	0.119	0.149
624.057	0.07	0.118	0.148
624.229	0.07	0.118	0.148
624.402	0.07	0.118	0.148
624.575	0.07	0.118	0.148
624.748	0.069	0.118	0.147
624.92	0.069	0.117	0.147
625.093	0.069	0.117	0.147
625.266	0.069	0.117	0.146
625.439	0.069	0.117	0.146
625.611	0.069	0.117	0.146
625.784	0.069	0.117	0.146
625.957	0.069	0.116	0.146
626.13	0.069	0.116	0.145
626.302	0.069	0.116	0.145
626.475	0.069	0.116	0.145
626.648	0.069	0.116	0.145
626.821	0.069	0.116	0.145
626.993	0.069	0.116	0.145
627.166	0.069	0.116	0.145
627.339	0.069	0.116	0.144
627.512	0.069	0.116	0.144
627.685	0.069	0.116	0.144
627.857	0.069	0.116	0.144
628.03	0.069	0.116	0.144
628.203	0.069	0.116	0.144
628.376	0.069	0.116	0.144
628.548	0.069	0.116	0.144
628.721	0.069	0.116	0.144
628.894	0.069	0.116	0.144
629.067	0.069	0.116	0.144
629.239	0.069	0.116	0.144
629.412	0.069	0.116	0.144
629.585	0.069	0.116	0.144
629.758	0.069	0.116	0.144
629.931	0.069	0.116	0.144
630.103	0.069	0.116	0.144
630.276	0.069	0.116	0.144
630.449	0.069	0.116	0.144
630.622	0.069	0.116	0.144
630.794	0.069	0.116	0.144
630.967	0.069	0.116	0.145
631.14	0.069	0.116	0.145
631.313	0.069	0.116	0.145
631.486	0.069	0.116	0.145
631.658	0.069	0.116	0.145
631.831	0.069	0.116	0.145
632.004	0.069	0.117	0.146
632.177	0.069	0.117	0.146
632.35	0.069	0.117	0.146
632.522	0.069	0.117	0.146
632.695	0.069	0.118	0.147
632.868	0.069	0.118	0.147
633.041	0.069	0.118	0.148
633.214	0.069	0.119	0.148
633.386	0.069	0.119	0.148
633.559	0.069	0.119	0.149
633.732	0.07	0.119	0.149
633.905	0.07	0.119	0.149
634.078	0.07	0.12	0.15
634.25	0.07	0.12	0.15
634.423	0.07	0.12	0.151
634.596	0.07	0.12	0.151
634.769	0.07	0.121	0.152
634.942	0.07	0.121	0.153
635.114	0.07	0.121	0.153
635.287	0.07	0.122	0.154
635.46	0.07	0.122	0.155
635.633	0.07	0.123	0.155
635.806	0.07	0.123	0.156
635.978	0.07	0.124	0.157
636.151	0.071	0.124	0.157
636.324	0.071	0.125	0.158
636.497	0.071	0.125	0.159
636.67	0.071	0.126	0.16
636.843	0.071	0.126	0.161
637.015	0.071	0.127	0.161
637.188	0.071	0.127	0.162
637.361	0.072	0.128	0.163
637.534	0.072	0.128	0.164
637.707	0.072	0.129	0.165
637.879	0.072	0.13	0.166
638.052	0.072	0.13	0.167
638.225	0.072	0.131	0.168
638.398	0.072	0.132	0.169
638.571	0.073	0.132	0.17
638.744	0.073	0.133	0.171
638.916	0.073	0.133	0.172
639.089	0.073	0.134	0.173
639.262	0.073	0.135	0.174
639.435	0.073	0.135	0.175
639.608	0.073	0.136	0.176
639.781	0.073	0.137	0.177
639.953	0.073	0.137	0.178
640.126	0.073	0.138	0.18
640.299	0.074	0.139	0.181
640.472	0.074	0.139	0.182
640.645	0.074	0.14	0.183
640.818	0.074	0.141	0.184
640.99	0.074	0.142	0.185
641.163	0.074	0.142	0.186
641.336	0.074	0.143	0.188
641.509	0.075	0.144	0.189
641.682	0.075	0.145	0.19
641.855	0.075	0.146	0.191
642.028	0.075	0.146	0.193
642.2	0.076	0.147	0.194
642.373	0.076	0.148	0.195
642.546	0.076	0.149	0.196
642.719	0.076	0.15	0.198
642.892	0.076	0.15	0.199
643.065	0.077	0.151	0.2
643.237	0.077	0.152	0.202
643.41	0.077	0.153	0.203
643.583	0.077	0.154	0.204
643.756	0.077	0.155	0.206
643.929	0.078	0.155	0.207
644.102	0.078	0.156	0.208
644.275	0.078	0.157	0.21
644.448	0.078	0.158	0.211
644.62	0.078	0.159	0.212
644.793	0.078	0.159	0.214
644.966	0.078	0.16	0.215
645.139	0.079	0.161	0.216
645.312	0.079	0.162	0.217
645.485	0.079	0.163	0.219
645.658	0.079	0.164	0.22
645.83	0.079	0.165	0.222
646.003	0.08	0.165	0.223
646.176	0.08	0.166	0.224
646.349	0.08	0.167	0.226
646.522	0.08	0.168	0.227
646.695	0.08	0.169	0.229
646.868	0.08	0.17	0.23
647.041	0.081	0.171	0.232
647.213	0.081	0.171	0.233
647.386	0.081	0.172	0.235
647.559	0.081	0.173	0.236
647.732	0.082	0.174	0.238
647.905	0.082	0.175	0.24
648.078	0.082	0.176	0.241
648.251	0.082	0.177	0.243
648.424	0.082	0.178	0.245
648.597	0.082	0.179	0.246
648.769	0.083	0.18	0.248
648.942	0.083	0.182	0.25
649.115	0.083	0.183	0.252
649.288	0.083	0.184	0.253
649.461	0.084	0.185	0.255
649.634	0.084	0.186	0.257
649.807	0.084	0.187	0.259
649.98	0.084	0.188	0.261
650.153	0.084	0.19	0.263
650.325	0.085	0.191	0.265
650.498	0.085	0.192	0.267
650.671	0.085	0.194	0.27
650.844	0.086	0.195	0.272
651.017	0.086	0.196	0.274
651.19	0.086	0.198	0.277
651.363	0.087	0.199	0.279
651.536	0.087	0.201	0.282
651.709	0.088	0.203	0.284
651.882	0.088	0.204	0.287
652.054	0.088	0.206	0.29
652.227	0.089	0.208	0.292
652.4	0.089	0.209	0.295
652.573	0.089	0.211	0.298
652.746	0.09	0.213	0.3
652.919	0.09	0.215	0.303
653.092	0.09	0.216	0.306
653.265	0.091	0.218	0.309
653.438	0.091	0.22	0.312
653.611	0.091	0.222	0.315
653.784	0.092	0.224	0.319
653.956	0.092	0.226	0.322
654.129	0.093	0.228	0.325
654.302	0.093	0.23	0.329
654.475	0.094	0.232	0.332
654.648	0.094	0.234	0.336
654.821	0.095	0.236	0.339
654.994	0.096	0.238	0.343
655.167	0.096	0.241	0.347
655.34	0.096	0.243	0.35
655.513	0.097	0.245	0.354
655.686	0.097	0.247	0.358
655.859	0.098	0.249	0.361
656.032	0.098	0.252	0.365
656.204	0.099	0.254	0.369
656.377	0.099	0.256	0.372
656.55	0.1	0.259	0.376
656.723	0.1	0.261	0.38
656.896	0.101	0.263	0.384
657.069	0.101	0.265	0.388
657.242	0.101	0.267	0.391
657.415	0.102	0.27	0.395
657.588	0.102	0.272	0.399
657.761	0.103	0.274	0.403
657.934	0.103	0.276	0.406
658.107	0.104	0.278	0.41
658.28	0.104	0.281	0.414
658.453	0.104	0.283	0.417
658.626	0.105	0.285	0.421
658.799	0.105	0.287	0.424
658.971	0.106	0.289	0.428
659.144	0.106	0.291	0.431
659.317	0.106	0.292	0.434
659.49	0.107	0.294	0.437
659.663	0.107	0.296	0.44
659.836	0.108	0.298	0.443
660.009	0.108	0.299	0.446
660.182	0.108	0.301	0.449
660.355	0.109	0.302	0.451
660.528	0.109	0.303	0.453
660.701	0.109	0.305	0.456
660.874	0.109	0.306	0.458
661.047	0.11	0.307	0.46
661.22	0.11	0.308	0.462
661.393	0.11	0.309	0.463
661.566	0.11	0.31	0.465
661.739	0.11	0.31	0.466
661.912	0.11	0.311	0.467
662.085	0.11	0.312	0.468
662.258	0.11	0.312	0.469
662.431	0.11	0.312	0.47
662.604	0.111	0.313	0.471
662.777	0.111	0.313	0.471
662.95	0.111	0.313	0.471
663.122	0.111	0.313	0.471
663.295	0.111	0.313	0.471
663.468	0.111	0.312	0.471
663.641	0.11	0.312	0.47
663.814	0.11	0.312	0.47
663.987	0.11	0.311	0.469
664.16	0.11	0.31	0.468
664.333	0.11	0.31	0.467
664.506	0.11	0.309	0.465
664.679	0.11	0.308	0.464
664.852	0.109	0.307	0.462
665.025	0.109	0.306	0.46
665.198	0.109	0.304	0.458
665.371	0.108	0.303	0.456
665.544	0.108	0.302	0.453
665.717	0.108	0.3	0.45
665.89	0.107	0.298	0.447
666.063	0.107	0.296	0.444
666.236	0.106	0.294	0.441
666.409	0.106	0.292	0.438
666.582	0.106	0.291	0.434
666.755	0.105	0.288	0.431
666.928	0.105	0.286	0.427
667.101	0.104	0.284	0.423
667.274	0.104	0.282	0.419
667.447	0.103	0.279	0.415
667.62	0.103	0.277	0.411
667.793	0.102	0.274	0.407
667.966	0.102	0.272	0.403
668.139	0.101	0.269	0.398
668.312	0.101	0.266	0.394
668.485	0.1	0.264	0.389
668.658	0.099	0.261	0.385
668.831	0.099	0.258	0.38
669.004	0.098	0.255	0.375
669.177	0.097	0.252	0.37
669.35	0.097	0.25	0.365
669.523	0.096	0.247	0.36
669.696	0.095	0.243	0.355
669.869	0.095	0.24	0.35
670.042	0.094	0.237	0.345
670.215	0.093	0.234	0.34
670.388	0.093	0.231	0.335
670.561	0.092	0.228	0.33
670.734	0.091	0.225	0.325
670.907	0.091	0.222	0.32
671.08	0.09	0.218	0.315
671.253	0.089	0.215	0.309
671.426	0.089	0.212	0.304
671.599	0.088	0.209	0.299
671.772	0.087	0.206	0.294
671.945	0.087	0.203	0.289
672.118	0.086	0.2	0.284
672.291	0.085	0.197	0.279
672.464	0.085	0.194	0.274
672.637	0.084	0.192	0.27
672.81	0.083	0.189	0.265
672.983	0.083	0.186	0.26
673.156	0.082	0.183	0.256
673.329	0.082	0.18	0.251
673.503	0.081	0.178	0.246
673.676	0.08	0.175	0.242
673.849	0.08	0.172	0.237
674.022	0.079	0.169	0.233
674.195	0.079	0.167	0.228
674.368	0.078	0.164	0.224
674.541	0.078	0.161	0.22
674.714	0.077	0.159	0.216
674.887	0.077	0.156	0.211
675.06	0.076	0.154	0.207
675.233	0.075	0.151	0.203
675.406	0.075	0.149	0.199
675.579	0.074	0.147	0.196
675.752	0.074	0.144	0.192
675.925	0.073	0.142	0.188
676.098	0.073	0.14	0.185
676.271	0.072	0.138	0.181
676.444	0.072	0.136	0.178
676.617	0.071	0.134	0.174
676.79	0.071	0.132	0.171
676.963	0.071	0.13	0.168
677.136	0.07	0.128	0.165
677.309	0.07	0.126	0.162
677.482	0.069	0.124	0.159
677.656	0.069	0.123	0.156
677.829	0.069	0.121	0.153
678.002	0.068	0.119	0.15
678.175	0.068	0.118	0.148
678.348	0.068	0.116	0.145
678.521	0.067	0.115	0.143
678.694	0.067	0.113	0.14
678.867	0.067	0.112	0.138
679.04	0.067	0.11	0.135
679.213	0.066	0.109	0.133
679.386	0.066	0.108	0.131
679.559	0.066	0.106	0.129
679.732	0.065	0.105	0.127
679.905	0.065	0.104	0.125
680.078	0.065	0.103	0.123
680.251	0.064	0.101	0.121
680.425	0.064	0.1	0.119
680.598	0.064	0.099	0.117
680.771	0.064	0.098	0.115
680.944	0.063	0.097	0.114
681.117	0.063	0.096	0.112
681.29	0.063	0.095	0.11
681.463	0.063	0.094	0.109
681.636	0.063	0.093	0.108
681.809	0.062	0.092	0.106
681.982	0.062	0.091	0.105
682.155	0.062	0.091	0.103
682.328	0.062	0.09	0.102
682.501	0.062	0.089	0.101
682.675	0.061	0.088	0.099
682.848	0.061	0.088	0.098
683.021	0.061	0.087	0.097
683.194	0.061	0.086	0.096
683.367	0.061	0.086	0.095
683.54	0.061	0.085	0.094
683.713	0.06	0.085	0.093
683.886	0.06	0.084	0.092
684.059	0.06	0.083	0.091
684.232	0.06	0.083	0.091
684.405	0.06	0.082	0.09
684.579	0.06	0.082	0.089
684.752	0.06	0.082	0.088
684.925	0.06	0.081	0.088
685.098	0.06	0.081	0.087
685.271	0.059	0.08	0.086
685.444	0.059	0.08	0.086
685.617	0.059	0.079	0.085
685.79	0.059	0.079	0.084
685.963	0.059	0.079	0.084
686.136	0.059	0.078	0.083
686.31	0.059	0.078	0.082
686.483	0.059	0.077	0.082
686.656	0.059	0.077	0.081
686.829	0.059	0.077	0.081
687.002	0.059	0.077	0.08
687.175	0.059	0.076	0.08
687.348	0.058	0.076	0.079
687.521	0.058	0.076	0.079
687.694	0.058	0.076	0.078
687.867	0.058	0.075	0.078
688.041	0.058	0.075	0.078
688.214	0.058	0.075	0.077
688.387	0.058	0.075	0.077
688.56	0.058	0.075	0.077
688.733	0.058	0.074	0.076
688.906	0.058	0.074	0.076
689.079	0.058	0.074	0.076
689.252	0.058	0.074	0.075
689.426	0.058	0.074	0.075
689.599	0.058	0.073	0.075
689.772	0.058	0.073	0.075
689.945	0.058	0.073	0.074
690.118	0.058	0.073	0.074
690.291	0.057	0.073	0.074
690.464	0.057	0.072	0.073
690.637	0.057	0.072	0.073
690.811	0.057	0.072	0.073
690.984	0.057	0.072	0.073
691.157	0.057	0.072	0.072
691.33	0.057	0.072	0.072
691.503	0.057	0.072	0.072
691.676	0.057	0.072	0.072
691.849	0.057	0.071	0.072
692.022	0.057	0.071	0.071
692.196	0.057	0.071	0.071
692.369	0.057	0.071	0.071
692.542	0.057	0.071	0.071
692.715	0.057	0.071	0.071
692.888	0.057	0.071	0.071
693.061	0.057	0.071	0.071
693.234	0.057	0.071	0.071
693.408	0.057	0.071	0.07
693.581	0.057	0.071	0.07
693.754	0.057	0.071	0.07
693.927	0.057	0.071	0.07
694.1	0.057	0.071	0.07
694.273	0.057	0.071	0.069
694.447	0.057	0.071	0.069
694.62	0.057	0.071	0.069
694.793	0.057	0.072	0.069
694.966	0.057	0.072	0.068
695.139	0.057	0.072	0.068
695.312	0.057	0.072	0.068
695.485	0.057	0.072	0.068
695.659	0.057	0.072	0.069
695.832	0.057	0.071	0.069
696.005	0.058	0.071	0.069
696.178	0.058	0.071	0.07
696.351	0.058	0.071	0.07
696.524	0.059	0.07	0.071
696.698	0.059	0.07	0.071
696.871	0.059	0.07	0.071
697.044	0.059	0.069	0.071
697.217	0.059	0.069	0.071
697.39	0.059	0.069	0.071
697.563	0.059	0.069	0.071
697.737	0.059	0.069	0.071
697.91	0.059	0.069	0.07
698.083	0.059	0.069	0.07
698.256	0.059	0.069	0.07
698.429	0.058	0.069	0.069
698.602	0.058	0.069	0.069
698.776	0.058	0.069	0.069
698.949	0.058	0.069	0.068
699.122	0.057	0.069	0.068
699.295	0.057	0.069	0.068
699.468	0.057	0.069	0.068
699.641	0.057	0.069	0.067
699.815	0.057	0.068	0.067
699.988	0.056	0.068	0.067
700.161	0.056	0.068	0.067
700.334	0.056	0.068	0.067
700.507	0.056	0.068	0.066
700.681	0.056	0.067	0.066
700.854	0.056	0.067	0.066
701.027	0.056	0.067	0.066
701.2	0.056	0.067	0.066
701.373	0.056	0.067	0.066
701.547	0.056	0.067	0.065
701.72	0.056	0.067	0.065
701.893	0.056	0.067	0.065
702.066	0.056	0.067	0.066
702.239	0.056	0.067	0.066
702.413	0.056	0.067	0.066
702.586	0.056	0.067	0.066
702.759	0.056	0.067	0.066
702.932	0.056	0.067	0.066
703.105	0.056	0.067	0.066
703.279	0.056	0.067	0.066
703.452	0.056	0.067	0.066
703.625	0.056	0.067	0.066
703.798	0.056	0.067	0.066
703.971	0.056	0.067	0.066
704.145	0.056	0.067	0.066
704.318	0.056	0.067	0.065
704.491	0.056	0.067	0.065
704.664	0.056	0.067	0.065
704.837	0.056	0.066	0.065
705.011	0.056	0.066	0.065
705.184	0.056	0.066	0.065
705.357	0.055	0.066	0.065
705.53	0.055	0.066	0.065
705.703	0.055	0.066	0.064
705.877	0.055	0.066	0.064
706.05	0.055	0.066	0.064
706.223	0.055	0.066	0.064
706.396	0.055	0.066	0.064
706.57	0.055	0.065	0.064
706.743	0.055	0.065	0.064
706.916	0.055	0.065	0.064
707.089	0.055	0.065	0.064
707.262	0.055	0.065	0.064
707.436	0.055	0.065	0.064
707.609	0.055	0.065	0.064
707.782	0.055	0.065	0.064
707.955	0.054	0.065	0.064
708.129	0.054	0.065	0.063
708.302	0.054	0.065	0.063
708.475	0.054	0.065	0.063
708.648	0.054	0.065	0.063
708.821	0.054	0.065	0.063
708.995	0.054	0.065	0.063
709.168	0.054	0.065	0.063
709.341	0.054	0.065	0.063
709.514	0.054	0.064	0.063
709.688	0.054	0.064	0.063
709.861	0.054	0.064	0.063
710.034	0.054	0.064	0.063
710.207	0.054	0.064	0.063
710.381	0.054	0.064	0.063
710.554	0.054	0.064	0.063
710.727	0.054	0.064	0.063
710.9	0.054	0.064	0.062
711.074	0.054	0.064	0.062
711.247	0.054	0.064	0.062
711.42	0.054	0.064	0.062
711.593	0.054	0.064	0.062
711.767	0.054	0.064	0.062
711.94	0.053	0.064	0.062
712.113	0.053	0.064	0.062
712.286	0.053	0.064	0.062
712.46	0.053	0.064	0.062
712.633	0.053	0.064	0.062
712.806	0.053	0.063	0.061
712.979	0.053	0.063	0.061
713.153	0.053	0.063	0.061
713.326	0.053	0.063	0.061
713.499	0.053	0.063	0.061
713.672	0.053	0.063	0.061
713.846	0.053	0.063	0.061
714.019	0.053	0.063	0.061
714.192	0.053	0.063	0.061
714.366	0.053	0.063	0.06
714.539	0.053	0.063	0.06
714.712	0.053	0.062	0.06
714.885	0.052	0.062	0.06
715.059	0.052	0.062	0.06
715.232	0.052	0.062	0.06
715.405	0.052	0.062	0.06
715.578	0.052	0.062	0.06
715.752	0.052	0.062	0.06
715.925	0.052	0.062	0.06
716.098	0.052	0.062	0.06
716.271	0.052	0.062	0.06
716.445	0.052	0.062	0.06
716.618	0.052	0.062	0.06
716.791	0.052	0.062	0.06
716.965	0.052	0.062	0.06
717.138	0.052	0.062	0.059
717.311	0.052	0.062	0.059
717.484	0.052	0.062	0.059
717.658	0.052	0.062	0.059
717.831	0.051	0.061	0.059
718.004	0.051	0.061	0.059
718.178	0.051	0.061	0.059
718.351	0.051	0.061	0.059
718.524	0.051	0.061	0.059
718.697	0.051	0.061	0.059
718.871	0.051	0.061	0.059
719.044	0.051	0.061	0.059
719.217	0.051	0.061	0.059
719.391	0.051	0.06	0.059
719.564	0.051	0.06	0.058
719.737	0.051	0.06	0.058
719.911	0.05	0.06	0.058
720.084	0.05	0.06	0.058
720.257	0.05	0.06	0.058
720.43	0.05	0.06	0.058
720.604	0.05	0.06	0.058
720.777	0.05	0.06	0.058
720.95	0.05	0.06	0.058
721.124	0.05	0.06	0.058
721.297	0.05	0.06	0.058
721.47	0.05	0.06	0.058
721.644	0.05	0.06	0.058
721.817	0.05	0.06	0.058
721.99	0.05	0.06	0.058
722.163	0.05	0.06	0.058
722.337	0.05	0.06	0.058
722.51	0.05	0.06	0.058
722.683	0.05	0.06	0.058
722.857	0.05	0.06	0.058
723.03	0.05	0.06	0.058
723.203	0.05	0.06	0.057
723.377	0.05	0.06	0.057
723.55	0.05	0.059	0.057
723.723	0.05	0.059	0.057
723.897	0.05	0.059	0.057
724.07	0.05	0.059	0.057
724.243	0.05	0.059	0.057
724.417	0.05	0.059	0.057
724.59	0.05	0.059	0.057
724.763	0.05	0.059	0.057
724.937	0.05	0.059	0.057
725.11	0.049	0.059	0.057
725.283	0.049	0.059	0.057
725.457	0.049	0.059	0.057
725.63	0.049	0.059	0.057
725.803	0.049	0.059	0.056
725.977	0.049	0.059	0.056
726.15	0.049	0.059	0.056
726.323	0.049	0.059	0.056
726.497	0.049	0.059	0.056
726.67	0.049	0.059	0.056
726.843	0.049	0.059	0.056
727.017	0.049	0.059	0.056
727.19	0.049	0.059	0.056
727.363	0.049	0.059	0.056
727.537	0.049	0.059	0.056
727.71	0.049	0.058	0.056
727.883	0.049	0.058	0.056
728.057	0.049	0.058	0.056
728.23	0.049	0.058	0.056
728.403	0.049	0.058	0.056
728.577	0.049	0.058	0.056
728.75	0.049	0.058	0.056
728.923	0.049	0.058	0.056
729.097	0.049	0.058	0.056
729.27	0.049	0.058	0.056
729.443	0.048	0.058	0.056
729.617	0.048	0.058	0.056
729.79	0.048	0.058	0.055
729.963	0.048	0.058	0.055
730.137	0.048	0.058	0.055
730.31	0.048	0.058	0.055
730.484	0.048	0.058	0.055
730.657	0.048	0.058	0.055
730.83	0.048	0.058	0.055
731.004	0.048	0.058	0.055
731.177	0.048	0.058	0.055
731.35	0.048	0.058	0.055
731.524	0.048	0.058	0.055
731.697	0.048	0.057	0.055
731.87	0.048	0.057	0.055
732.044	0.048	0.057	0.055
732.217	0.048	0.057	0.055
732.391	0.048	0.057	0.055
732.564	0.048	0.057	0.055
732.737	0.048	0.057	0.055
732.911	0.048	0.057	0.055
733.084	0.048	0.057	0.055
733.257	0.048	0.057	0.055
733.431	0.048	0.057	0.055
733.604	0.048	0.057	0.055
733.778	0.048	0.057	0.055
733.951	0.048	0.057	0.055
734.124	0.048	0.057	0.055
734.298	0.048	0.057	0.055
734.471	0.048	0.057	0.055
734.644	0.048	0.057	0.055
734.818	0.048	0.057	0.055
734.991	0.048	0.057	0.055
735.165	0.048	0.057	0.055
735.338	0.048	0.057	0.055
735.511	0.048	0.057	0.055
735.685	0.048	0.057	0.055
735.858	0.048	0.057	0.055
736.032	0.048	0.057	0.055
736.205	0.048	0.057	0.055
736.378	0.048	0.057	0.055
736.552	0.048	0.057	0.055
736.725	0.048	0.057	0.055
736.899	0.048	0.057	0.055
737.072	0.048	0.057	0.055
737.245	0.048	0.057	0.055
737.419	0.048	0.057	0.055
737.592	0.048	0.058	0.055
737.766	0.048	0.058	0.055
737.939	0.048	0.058	0.055
738.112	0.048	0.058	0.055
738.286	0.048	0.058	0.055
738.459	0.048	0.058	0.055
738.633	0.048	0.058	0.055
738.806	0.048	0.058	0.055
738.979	0.048	0.058	0.055
739.153	0.048	0.058	0.055
739.326	0.048	0.058	0.055
739.5	0.048	0.058	0.055
739.673	0.048	0.058	0.055
739.846	0.048	0.058	0.055
740.02	0.048	0.058	0.055
740.193	0.048	0.058	0.055
740.367	0.048	0.058	0.055
740.54	0.048	0.058	0.055
740.713	0.048	0.058	0.055
740.887	0.048	0.058	0.055
741.06	0.048	0.058	0.055
741.234	0.048	0.058	0.055
741.407	0.048	0.058	0.055
741.581	0.048	0.058	0.055
741.754	0.048	0.058	0.055
741.927	0.048	0.058	0.055
742.101	0.048	0.058	0.055
742.274	0.048	0.058	0.055
742.448	0.048	0.058	0.055
742.621	0.048	0.058	0.055
742.795	0.048	0.058	0.055
742.968	0.048	0.058	0.055
743.141	0.048	0.058	0.055
743.315	0.048	0.058	0.055
743.488	0.048	0.058	0.055
743.662	0.048	0.058	0.055
743.835	0.048	0.058	0.055
744.009	0.048	0.059	0.056
744.182	0.048	0.059	0.056
744.355	0.049	0.059	0.056
744.529	0.049	0.059	0.056
744.702	0.049	0.059	0.056
744.876	0.049	0.059	0.056
745.049	0.049	0.059	0.056
745.223	0.049	0.059	0.056
745.396	0.049	0.059	0.056
745.57	0.049	0.059	0.056
745.743	0.049	0.059	0.056
745.916	0.049	0.059	0.056
746.09	0.049	0.059	0.056
746.263	0.049	0.059	0.056
746.437	0.049	0.059	0.056
746.61	0.049	0.059	0.056
746.784	0.049	0.059	0.056
746.957	0.049	0.059	0.056
747.131	0.049	0.059	0.056
747.304	0.049	0.06	0.056
747.478	0.049	0.06	0.056
747.651	0.049	0.06	0.056
747.824	0.049	0.06	0.056
747.998	0.049	0.06	0.056
748.171	0.05	0.06	0.056
748.345	0.05	0.06	0.056
748.518	0.05	0.06	0.057
748.692	0.05	0.06	0.057
748.865	0.05	0.06	0.057
749.039	0.05	0.06	0.057
749.212	0.05	0.06	0.057
749.386	0.05	0.061	0.057
749.559	0.05	0.061	0.057
749.733	0.05	0.061	0.057
749.906	0.05	0.061	0.057
750.08	0.05	0.061	0.057
750.253	0.05	0.061	0.057
750.426	0.05	0.061	0.057
750.6	0.05	0.061	0.057
750.773	0.05	0.061	0.057
750.947	0.05	0.061	0.057
751.12	0.05	0.061	0.057
751.294	0.05	0.061	0.057
751.467	0.05	0.061	0.057
751.641	0.05	0.061	0.057
751.814	0.05	0.061	0.057
751.988	0.05	0.061	0.057
752.161	0.05	0.061	0.057
752.335	0.051	0.061	0.057
752.508	0.051	0.061	0.057
752.682	0.051	0.061	0.057
752.855	0.051	0.061	0.057
753.029	0.051	0.061	0.057
753.202	0.051	0.061	0.057
753.376	0.051	0.061	0.057
753.549	0.051	0.061	0.057
753.723	0.051	0.061	0.057
753.896	0.051	0.061	0.057
754.07	0.051	0.061	0.057
754.243	0.051	0.061	0.057
754.417	0.051	0.061	0.057
754.59	0.051	0.061	0.057
754.764	0.051	0.061	0.057
754.937	0.051	0.062	0.057
755.111	0.051	0.062	0.057
755.284	0.051	0.062	0.058
755.458	0.051	0.062	0.058
755.631	0.051	0.062	0.058
755.805	0.051	0.062	0.058
755.978	0.051	0.062	0.058
756.152	0.051	0.062	0.058
756.325	0.051	0.062	0.058
756.499	0.051	0.062	0.058
756.672	0.051	0.062	0.058
756.846	0.051	0.062	0.058
757.019	0.051	0.062	0.058
757.193	0.051	0.062	0.058
757.366	0.052	0.062	0.058
757.54	0.052	0.062	0.058
757.713	0.052	0.062	0.058
757.887	0.052	0.062	0.058
758.06	0.052	0.062	0.058
758.234	0.052	0.062	0.058
758.407	0.052	0.062	0.058
758.581	0.052	0.062	0.059
758.754	0.052	0.063	0.059
758.928	0.052	0.063	0.059
759.101	0.052	0.063	0.059
759.275	0.052	0.063	0.059
759.448	0.052	0.063	0.059
759.622	0.052	0.063	0.059
759.795	0.052	0.063	0.059
759.969	0.052	0.063	0.059
760.143	0.052	0.063	0.059
760.316	0.052	0.063	0.059
760.49	0.052	0.063	0.059
760.663	0.052	0.063	0.059
760.837	0.052	0.063	0.059
761.01	0.052	0.063	0.059
761.184	0.052	0.063	0.059
761.357	0.052	0.063	0.059
761.531	0.052	0.063	0.059
761.704	0.052	0.063	0.059
761.878	0.052	0.063	0.059
762.051	0.052	0.063	0.059
762.225	0.052	0.063	0.059
762.399	0.053	0.064	0.059
762.572	0.053	0.064	0.059
762.746	0.053	0.064	0.059
762.919	0.053	0.064	0.059
763.093	0.053	0.064	0.059
763.266	0.053	0.064	0.059
763.44	0.053	0.064	0.059
763.613	0.053	0.064	0.059
763.787	0.053	0.064	0.059
763.96	0.053	0.064	0.059
764.134	0.053	0.064	0.059
764.308	0.053	0.064	0.059
764.481	0.053	0.064	0.059
764.655	0.053	0.064	0.059
764.828	0.053	0.064	0.059
765.002	0.053	0.065	0.06
765.175	0.053	0.065	0.06
765.349	0.053	0.065	0.06
765.522	0.053	0.065	0.06
765.696	0.054	0.065	0.06
765.87	0.054	0.065	0.06
766.043	0.054	0.065	0.06
766.217	0.054	0.065	0.06
766.39	0.054	0.065	0.06
766.564	0.054	0.065	0.06
766.737	0.054	0.065	0.06
766.911	0.054	0.065	0.06
767.085	0.054	0.065	0.06
767.258	0.054	0.065	0.06
767.432	0.054	0.065	0.06
767.605	0.054	0.065	0.06
767.779	0.054	0.066	0.06
767.952	0.054	0.066	0.06
768.126	0.054	0.066	0.06
768.3	0.054	0.066	0.06
768.473	0.054	0.066	0.06
768.647	0.054	0.066	0.06
768.82	0.054	0.066	0.061
768.994	0.054	0.066	0.061
769.167	0.054	0.066	0.061
769.341	0.055	0.066	0.061
769.515	0.055	0.066	0.061
769.688	0.055	0.066	0.061
769.862	0.055	0.066	0.061
770.035	0.055	0.066	0.061
770.209	0.055	0.066	0.061
770.383	0.055	0.066	0.061
770.556	0.055	0.066	0.061
770.73	0.055	0.066	0.061
770.903	0.055	0.066	0.061
771.077	0.055	0.066	0.061
771.25	0.055	0.066	0.061
771.424	0.055	0.066	0.061
771.598	0.055	0.066	0.061
771.771	0.055	0.066	0.061
771.945	0.055	0.066	0.061
772.118	0.055	0.066	0.061
772.292	0.055	0.066	0.061
772.466	0.055	0.066	0.061
772.639	0.055	0.067	0.061
772.813	0.055	0.067	0.061
772.986	0.055	0.067	0.061
773.16	0.055	0.067	0.061
773.334	0.055	0.067	0.061
773.507	0.055	0.067	0.061
773.681	0.055	0.067	0.061
773.855	0.055	0.067	0.061
774.028	0.055	0.066	0.061
774.202	0.055	0.066	0.061
774.375	0.055	0.066	0.061
774.549	0.055	0.066	0.061
774.723	0.055	0.066	0.061
774.896	0.055	0.067	0.061
775.07	0.055	0.067	0.061
775.243	0.055	0.066	0.061
775.417	0.055	0.066	0.061
775.591	0.055	0.066	0.061
775.764	0.055	0.066	0.061
775.938	0.055	0.066	0.061
776.112	0.055	0.066	0.061
776.285	0.055	0.066	0.061
776.459	0.055	0.067	0.061
776.632	0.055	0.067	0.061
776.806	0.055	0.066	0.061
776.98	0.055	0.066	0.061
777.153	0.055	0.067	0.061
777.327	0.055	0.066	0.061
777.501	0.055	0.066	0.061
777.674	0.055	0.066	0.061
777.848	0.055	0.066	0.061
778.021	0.055	0.066	0.061
778.195	0.055	0.066	0.061
778.369	0.055	0.066	0.061
778.542	0.055	0.066	0.061
778.716	0.055	0.066	0.061
778.89	0.055	0.066	0.061
779.063	0.055	0.066	0.061
779.237	0.055	0.066	0.061
779.41	0.055	0.067	0.061
779.584	0.055	0.066	0.061
779.758	0.055	0.067	0.061
779.931	0.055	0.067	0.061
780.105	0.055	0.067	0.061
780.279	0.055	0.067	0.061
780.452	0.055	0.066	0.061
780.626	0.055	0.067	0.061
780.8	0.054	0.066	0.061
780.973	0.054	0.066	0.061
781.147	0.054	0.066	0.061
781.321	0.054	0.066	0.061
781.494	0.054	0.066	0.061
781.668	0.054	0.066	0.061
781.842	0.054	0.066	0.061
782.015	0.054	0.066	0.061
782.189	0.054	0.066	0.061
782.363	0.054	0.066	0.061
782.536	0.054	0.066	0.061
782.71	0.054	0.066	0.061
782.884	0.054	0.066	0.061
783.057	0.054	0.066	0.06
783.231	0.054	0.066	0.06
783.404	0.054	0.066	0.061
783.578	0.054	0.066	0.06
783.752	0.054	0.066	0.06
783.925	0.054	0.066	0.06
784.099	0.054	0.066	0.06
784.273	0.054	0.066	0.06
784.446	0.054	0.066	0.06
784.62	0.054	0.066	0.06
784.794	0.054	0.066	0.06
784.968	0.054	0.066	0.06
785.141	0.054	0.066	0.06
785.315	0.054	0.066	0.06
785.489	0.054	0.066	0.06
785.662	0.054	0.066	0.06
785.836	0.054	0.066	0.06
786.01	0.054	0.066	0.06
786.183	0.054	0.066	0.06
786.357	0.054	0.066	0.06
786.531	0.054	0.066	0.06
786.704	0.054	0.066	0.06
786.878	0.054	0.066	0.06
787.052	0.054	0.066	0.06
787.225	0.054	0.066	0.06
787.399	0.054	0.066	0.06
787.573	0.054	0.066	0.06
787.746	0.054	0.066	0.06
787.92	0.054	0.066	0.06
788.094	0.054	0.066	0.06
788.267	0.054	0.066	0.06
788.441	0.054	0.066	0.06
788.615	0.054	0.066	0.06
788.789	0.054	0.066	0.06
788.962	0.054	0.066	0.06
789.136	0.054	0.066	0.06
789.31	0.054	0.066	0.06
789.483	0.054	0.066	0.06
789.657	0.054	0.066	0.06
789.831	0.054	0.066	0.06
790.004	0.054	0.066	0.06
790.178	0.054	0.067	0.06
790.352	0.054	0.066	0.06
790.526	0.054	0.067	0.06
790.699	0.054	0.066	0.06
790.873	0.054	0.066	0.06
791.047	0.054	0.066	0.06
791.22	0.054	0.066	0.06
791.394	0.054	0.066	0.06
791.568	0.054	0.066	0.06
791.741	0.054	0.066	0.06
791.915	0.054	0.066	0.06
792.089	0.054	0.066	0.06
792.263	0.054	0.066	0.06
792.436	0.054	0.066	0.059
792.61	0.054	0.066	0.059
792.784	0.053	0.066	0.059
792.958	0.053	0.066	0.059
793.131	0.053	0.066	0.059
793.305	0.054	0.066	0.059
793.479	0.054	0.066	0.059
793.652	0.054	0.066	0.06
793.826	0.054	0.066	0.06
794	0.054	0.066	0.06
794.174	0.054	0.066	0.06
794.347	0.054	0.066	0.06
794.521	0.054	0.066	0.06
794.695	0.054	0.067	0.06
794.868	0.054	0.066	0.06
795.042	0.054	0.066	0.06
795.216	0.054	0.067	0.06
795.39	0.054	0.067	0.06
795.563	0.054	0.067	0.06
795.737	0.054	0.067	0.06
795.911	0.054	0.067	0.06
796.085	0.054	0.067	0.06
796.258	0.054	0.067	0.06
796.432	0.054	0.067	0.06
796.606	0.054	0.067	0.06
796.78	0.054	0.067	0.06
796.953	0.054	0.067	0.06
797.127	0.054	0.067	0.06
797.301	0.054	0.067	0.06
797.475	0.054	0.067	0.06
797.648	0.054	0.067	0.06
797.822	0.054	0.067	0.06
797.996	0.054	0.067	0.06
798.17	0.054	0.067	0.06
798.343	0.054	0.067	0.06
798.517	0.054	0.067	0.06
798.691	0.054	0.067	0.06
798.865	0.054	0.067	0.06
799.038	0.054	0.067	0.06
799.212	0.054	0.067	0.06
799.386	0.054	0.067	0.06
799.56	0.054	0.067	0.06
799.733	0.054	0.067	0.06
799.907	0.054	0.067	0.06
800.081	0.054	0.067	0.06
800.255	0.054	0.067	0.059
800.428	0.054	0.067	0.06
800.602	0.054	0.067	0.06
800.776	0.054	0.067	0.06
800.95	0.054	0.067	0.06
801.123	0.054	0.067	0.06
801.297	0.054	0.067	0.06
801.471	0.054	0.067	0.06
801.645	0.054	0.067	0.06
801.818	0.054	0.067	0.06
801.992	0.054	0.068	0.06
802.166	0.054	0.068	0.06
802.34	0.054	0.068	0.06
802.514	0.054	0.068	0.06
802.687	0.054	0.068	0.06
802.861	0.054	0.068	0.06
803.035	0.054	0.068	0.06
803.209	0.054	0.068	0.06
803.382	0.054	0.068	0.06
803.556	0.054	0.068	0.06
803.73	0.054	0.068	0.06
803.904	0.054	0.068	0.06
804.078	0.054	0.068	0.06
804.251	0.054	0.068	0.06
804.425	0.054	0.068	0.059
804.599	0.054	0.068	0.06
804.773	0.054	0.068	0.059
804.946	0.054	0.068	0.059
805.12	0.054	0.068	0.059
805.294	0.054	0.068	0.059
805.468	0.054	0.068	0.059
805.642	0.054	0.068	0.059
805.815	0.054	0.068	0.059
805.989	0.054	0.068	0.059
806.163	0.054	0.068	0.059
806.337	0.054	0.068	0.059
806.511	0.054	0.068	0.059
806.684	0.054	0.068	0.059
806.858	0.054	0.068	0.059
807.032	0.054	0.068	0.059
807.206	0.054	0.068	0.059
807.38	0.054	0.068	0.059
807.553	0.054	0.068	0.059
807.727	0.054	0.068	0.059
807.901	0.054	0.068	0.059
808.075	0.054	0.068	0.059
808.249	0.054	0.068	0.059
808.422	0.053	0.068	0.059
808.596	0.053	0.068	0.059
808.77	0.053	0.068	0.059
808.944	0.053	0.068	0.059
809.118	0.053	0.068	0.059
809.291	0.053	0.068	0.059
809.465	0.053	0.068	0.059
809.639	0.053	0.068	0.059
809.813	0.053	0.068	0.059
809.987	0.053	0.068	0.059
810.161	0.053	0.068	0.059
810.334	0.053	0.068	0.059
810.508	0.053	0.068	0.059
810.682	0.053	0.068	0.059
810.856	0.053	0.068	0.059
811.03	0.053	0.068	0.059
811.203	0.053	0.068	0.059
811.377	0.053	0.068	0.059
811.551	0.053	0.068	0.059
811.725	0.053	0.068	0.059
811.899	0.053	0.068	0.059
812.073	0.053	0.068	0.059
812.246	0.053	0.068	0.059
812.42	0.053	0.068	0.059
812.594	0.053	0.068	0.059
812.768	0.053	0.068	0.059
812.942	0.053	0.068	0.059
813.116	0.054	0.068	0.059
813.289	0.054	0.068	0.059
813.463	0.053	0.068	0.059
813.637	0.053	0.068	0.059
813.811	0.053	0.068	0.059
813.985	0.053	0.068	0.059
814.159	0.053	0.068	0.059
814.332	0.054	0.068	0.059
814.506	0.053	0.068	0.059
814.68	0.053	0.068	0.059
814.854	0.053	0.068	0.059
815.028	0.053	0.068	0.059
815.202	0.053	0.068	0.059
815.375	0.053	0.068	0.059
815.549	0.053	0.068	0.059
815.723	0.053	0.068	0.059
815.897	0.053	0.068	0.059
816.071	0.053	0.068	0.059
816.245	0.053	0.068	0.059
816.419	0.053	0.068	0.059
816.592	0.053	0.068	0.059
816.766	0.053	0.068	0.059
816.94	0.053	0.068	0.059
817.114	0.053	0.068	0.059
817.288	0.053	0.068	0.059
817.462	0.053	0.068	0.059
817.636	0.053	0.068	0.059
817.809	0.053	0.068	0.059
817.983	0.053	0.068	0.059
818.157	0.053	0.068	0.059
818.331	0.053	0.068	0.059
818.505	0.053	0.068	0.059
818.679	0.053	0.068	0.059
818.853	0.053	0.068	0.059
819.027	0.053	0.068	0.059
819.2	0.053	0.068	0.059
819.374	0.053	0.068	0.059
819.548	0.053	0.068	0.06
819.722	0.053	0.068	0.06
819.896	0.053	0.068	0.06
820.07	0.053	0.068	0.06
820.244	0.053	0.068	0.06
820.417	0.053	0.068	0.06
820.591	0.053	0.068	0.06
820.765	0.053	0.068	0.06
820.939	0.053	0.068	0.059
821.113	0.053	0.068	0.059
821.287	0.053	0.068	0.059
821.461	0.053	0.068	0.059
821.635	0.053	0.068	0.059
821.809	0.053	0.068	0.059
821.982	0.053	0.068	0.059
822.156	0.053	0.068	0.059
822.33	0.053	0.068	0.059
822.504	0.053	0.068	0.059
822.678	0.053	0.068	0.059
822.852	0.053	0.068	0.059
823.026	0.053	0.068	0.059
823.2	0.053	0.068	0.059
823.374	0.053	0.068	0.059
823.547	0.053	0.068	0.059
823.721	0.053	0.068	0.059
823.895	0.053	0.068	0.059
824.069	0.053	0.068	0.059
824.243	0.053	0.068	0.059
824.417	0.053	0.069	0.059
824.591	0.053	0.069	0.059
824.765	0.053	0.068	0.059
824.939	0.053	0.068	0.059
825.113	0.053	0.068	0.059
825.286	0.053	0.068	0.059
825.46	0.053	0.068	0.059
825.634	0.053	0.068	0.059
825.808	0.053	0.068	0.059
825.982	0.053	0.068	0.058
826.156	0.053	0.068	0.058
826.33	0.053	0.069	0.058
826.504	0.053	0.069	0.058
826.678	0.053	0.069	0.058
826.852	0.053	0.069	0.059
827.026	0.053	0.069	0.059
827.199	0.053	0.069	0.059
827.373	0.053	0.069	0.059
827.547	0.053	0.069	0.059
827.721	0.053	0.069	0.059
827.895	0.053	0.069	0.059
828.069	0.053	0.069	0.059
828.243	0.053	0.069	0.059
828.417	0.053	0.069	0.059
828.591	0.053	0.069	0.059
828.765	0.053	0.069	0.059
828.939	0.053	0.069	0.059
829.113	0.053	0.069	0.059
829.286	0.053	0.069	0.059
829.46	0.053	0.068	0.059
829.634	0.053	0.068	0.059
829.808	0.053	0.068	0.059
829.982	0.053	0.068	0.059
830.156	0.053	0.068	0.059
830.33	0.053	0.068	0.059
830.504	0.053	0.068	0.059
830.678	0.053	0.068	0.059
830.852	0.053	0.068	0.059
831.026	0.053	0.068	0.059
831.2	0.053	0.068	0.059
831.374	0.053	0.068	0.059
831.548	0.052	0.068	0.059
831.722	0.052	0.068	0.059
831.895	0.052	0.068	0.059
832.069	0.052	0.068	0.059
832.243	0.052	0.068	0.059
832.417	0.052	0.068	0.059
832.591	0.052	0.068	0.059
832.765	0.052	0.068	0.059
832.939	0.052	0.068	0.059
833.113	0.052	0.068	0.059
833.287	0.052	0.068	0.059
833.461	0.052	0.068	0.059
833.635	0.052	0.068	0.059
833.809	0.052	0.068	0.059
833.983	0.052	0.068	0.059
834.157	0.052	0.068	0.059
834.331	0.052	0.068	0.059
834.505	0.052	0.068	0.059
834.679	0.052	0.068	0.059
834.853	0.052	0.068	0.059
835.027	0.052	0.068	0.059
835.201	0.052	0.068	0.059
835.375	0.052	0.068	0.059
835.548	0.052	0.068	0.059
835.722	0.052	0.068	0.059
835.896	0.052	0.068	0.059
836.07	0.052	0.068	0.059
836.244	0.052	0.068	0.059
836.418	0.052	0.068	0.059
836.592	0.052	0.068	0.059
836.766	0.052	0.068	0.059
836.94	0.052	0.068	0.059
837.114	0.052	0.068	0.059
837.288	0.052	0.069	0.059
837.462	0.052	0.069	0.059
837.636	0.052	0.069	0.059
837.81	0.052	0.069	0.059
837.984	0.052	0.069	0.059
838.158	0.052	0.069	0.059
838.332	0.052	0.069	0.059
838.506	0.052	0.069	0.059
838.68	0.052	0.069	0.059
838.854	0.052	0.069	0.059
839.028	0.052	0.069	0.059
839.202	0.052	0.069	0.059
839.376	0.053	0.069	0.059
839.55	0.053	0.069	0.059
839.724	0.053	0.069	0.059
839.898	0.052	0.069	0.059
840.072	0.052	0.069	0.059
840.246	0.052	0.069	0.059
840.42	0.052	0.068	0.059
840.594	0.052	0.068	0.059
840.768	0.052	0.068	0.059
840.942	0.052	0.068	0.058
841.116	0.052	0.068	0.058
841.29	0.052	0.068	0.058
841.464	0.052	0.068	0.058
841.638	0.052	0.068	0.058
841.812	0.052	0.068	0.058
841.986	0.052	0.068	0.058
842.16	0.052	0.068	0.058
842.334	0.052	0.068	0.059
842.508	0.052	0.068	0.059
842.682	0.051	0.068	0.059
842.856	0.052	0.068	0.059
843.03	0.052	0.068	0.059
843.204	0.052	0.068	0.06
843.378	0.052	0.068	0.06
843.552	0.052	0.068	0.06
843.726	0.052	0.068	0.06
843.9	0.052	0.068	0.06
844.074	0.052	0.068	0.06
844.248	0.052	0.068	0.06
844.422	0.052	0.068	0.06
844.596	0.052	0.068	0.06
844.77	0.052	0.068	0.06
844.944	0.052	0.068	0.06
845.118	0.052	0.068	0.06
845.292	0.052	0.068	0.06
845.466	0.052	0.068	0.06
845.64	0.052	0.068	0.06
845.814	0.052	0.068	0.06
845.988	0.052	0.069	0.06
846.162	0.052	0.069	0.06
846.336	0.052	0.069	0.059
846.51	0.052	0.069	0.059
846.684	0.052	0.069	0.059
846.858	0.052	0.069	0.059
847.032	0.052	0.069	0.059
847.206	0.052	0.069	0.059
847.38	0.052	0.069	0.059
847.554	0.052	0.069	0.059
847.728	0.052	0.069	0.059
847.902	0.052	0.069	0.059
848.076	0.052	0.069	0.059
848.25	0.052	0.069	0.059
848.425	0.052	0.069	0.059
848.599	0.052	0.069	0.059
848.773	0.052	0.069	0.059
848.947	0.052	0.069	0.059
849.121	0.052	0.069	0.059
849.295	0.052	0.069	0.059
849.469	0.052	0.069	0.059
849.643	0.052	0.069	0.059
849.817	0.052	0.069	0.059
849.991	0.052	0.069	0.058
850.165	0.052	0.069	0.058
850.339	0.052	0.069	0.058
850.513	0.052	0.068	0.058
850.687	0.052	0.068	0.059
850.861	0.052	0.068	0.059
851.035	0.052	0.068	0.059
851.209	0.051	0.068	0.059
851.383	0.051	0.068	0.059
851.557	0.051	0.068	0.059
851.731	0.051	0.068	0.059
851.905	0.051	0.068	0.059
852.08	0.051	0.068	0.059
852.254	0.051	0.068	0.059
852.428	0.051	0.068	0.06
852.602	0.051	0.068	0.06
852.776	0.051	0.068	0.06
852.95	0.051	0.068	0.06
853.124	0.051	0.068	0.06
853.298	0.051	0.068	0.061
853.472	0.051	0.068	0.061
853.646	0.052	0.068	0.061
853.82	0.052	0.068	0.061
853.994	0.052	0.068	0.061
854.168	0.052	0.069	0.061
854.342	0.052	0.069	0.061
854.516	0.052	0.069	0.061
854.69	0.052	0.069	0.061
854.865	0.052	0.069	0.061
855.039	0.052	0.069	0.061
855.213	0.052	0.069	0.06
855.387	0.052	0.069	0.06
855.561	0.052	0.069	0.06
855.735	0.052	0.069	0.06
855.909	0.052	0.069	0.06
856.083	0.052	0.069	0.059
856.257	0.052	0.069	0.059
856.431	0.052	0.069	0.059
856.605	0.052	0.069	0.059
856.779	0.052	0.069	0.059
856.954	0.052	0.069	0.059
857.128	0.052	0.068	0.059
857.302	0.052	0.068	0.059
857.476	0.052	0.068	0.059
857.65	0.051	0.068	0.059
857.824	0.051	0.068	0.059
857.998	0.051	0.068	0.059
858.172	0.051	0.068	0.059
858.346	0.051	0.068	0.059
858.52	0.051	0.068	0.059
858.694	0.051	0.068	0.059
858.869	0.051	0.067	0.059
859.043	0.051	0.067	0.06
859.217	0.051	0.068	0.06
859.391	0.051	0.068	0.06
859.565	0.051	0.068	0.06
859.739	0.051	0.068	0.06
859.913	0.051	0.068	0.061
860.087	0.051	0.068	0.061
860.261	0.051	0.068	0.061
860.435	0.051	0.068	0.061
860.61	0.051	0.068	0.061
860.784	0.051	0.068	0.061
860.958	0.051	0.068	0.061
861.132	0.051	0.068	0.061
861.306	0.051	0.068	0.06
861.48	0.051	0.069	0.06
861.654	0.052	0.069	0.06
861.828	0.052	0.069	0.06
862.002	0.052	0.069	0.06
862.177	0.052	0.069	0.06
862.351	0.052	0.069	0.06
862.525	0.052	0.069	0.06
862.699	0.052	0.069	0.06
862.873	0.052	0.069	0.059
863.047	0.052	0.068	0.059
863.221	0.052	0.069	0.059
863.395	0.052	0.069	0.06
863.57	0.052	0.068	0.06
863.744	0.052	0.068	0.06
863.918	0.052	0.068	0.06
864.092	0.052	0.068	0.06
864.266	0.051	0.068	0.06
864.44	0.051	0.068	0.06
864.614	0.051	0.068	0.06
864.788	0.051	0.068	0.06
864.963	0.051	0.068	0.06
865.137	0.051	0.068	0.06
865.311	0.051	0.068	0.06
865.485	0.051	0.068	0.061
865.659	0.051	0.068	0.061
865.833	0.051	0.068	0.061
866.007	0.052	0.068	0.061
866.181	0.051	0.068	0.061
866.356	0.051	0.068	0.061
866.53	0.051	0.069	0.061
866.704	0.051	0.069	0.061
866.878	0.051	0.069	0.061
867.052	0.051	0.069	0.06
867.226	0.051	0.069	0.06
867.4	0.052	0.069	0.06
867.575	0.052	0.069	0.06
867.749	0.052	0.069	0.06
867.923	0.052	0.069	0.06
868.097	0.051	0.069	0.06
868.271	0.051	0.069	0.059
868.445	0.051	0.069	0.059
868.62	0.051	0.068	0.059
868.794	0.051	0.068	0.059
868.968	0.051	0.068	0.059
869.142	0.051	0.068	0.059
869.316	0.051	0.068	0.059
869.49	0.051	0.067	0.059
869.664	0.051	0.067	0.06
869.839	0.051	0.067	0.06
870.013	0.051	0.067	0.06
870.187	0.051	0.067	0.06
870.361	0.05	0.067	0.06
870.535	0.051	0.067	0.06
870.709	0.051	0.068	0.061
870.884	0.051	0.068	0.061
871.058	0.051	0.068	0.061
871.232	0.051	0.068	0.061
871.406	0.051	0.068	0.061
871.58	0.051	0.068	0.061
871.754	0.052	0.069	0.061
871.929	0.052	0.069	0.061
872.103	0.052	0.069	0.061
872.277	0.052	0.069	0.061
872.451	0.052	0.069	0.061
872.625	0.052	0.069	0.061
872.799	0.051	0.069	0.061
872.974	0.051	0.068	0.06
873.148	0.051	0.068	0.06
873.322	0.051	0.068	0.06
873.496	0.051	0.068	0.06
873.67	0.051	0.068	0.06
873.845	0.051	0.068	0.06
874.019	0.05	0.067	0.06
874.193	0.05	0.067	0.06
874.367	0.05	0.067	0.061
874.541	0.05	0.067	0.061
874.715	0.05	0.067	0.061
874.89	0.05	0.067	0.061
875.064	0.05	0.067	0.061
875.238	0.05	0.067	0.062
875.412	0.05	0.068	0.062
875.586	0.05	0.068	0.062
875.761	0.051	0.068	0.062
875.935	0.051	0.068	0.062
876.109	0.051	0.068	0.062
876.283	0.051	0.069	0.062
876.457	0.051	0.068	0.061
876.632	0.051	0.068	0.061
876.806	0.051	0.068	0.061
876.98	0.051	0.068	0.061
877.154	0.051	0.068	0.061
877.328	0.051	0.068	0.061
877.503	0.051	0.068	0.061
877.677	0.051	0.068	0.061
877.851	0.05	0.068	0.061
878.025	0.05	0.068	0.061
878.199	0.05	0.067	0.061
878.374	0.05	0.067	0.061
878.548	0.05	0.067	0.061
878.722	0.05	0.067	0.061
878.896	0.05	0.067	0.061
879.07	0.05	0.067	0.061
879.245	0.05	0.067	0.062
879.419	0.05	0.067	0.062
879.593	0.05	0.067	0.062
879.767	0.05	0.067	0.062
879.942	0.05	0.068	0.062
880.116	0.05	0.068	0.062
880.29	0.051	0.068	0.062
880.464	0.051	0.068	0.062
880.638	0.051	0.068	0.062
880.813	0.051	0.068	0.062
880.987	0.051	0.068	0.062
881.161	0.051	0.068	0.062
881.335	0.052	0.068	0.062
881.51	0.052	0.068	0.062
881.684	0.052	0.068	0.062
881.858	0.052	0.068	0.062
882.032	0.052	0.068	0.062
882.206	0.052	0.068	0.062
882.381	0.051	0.068	0.062
882.555	0.051	0.068	0.062
882.729	0.051	0.067	0.062
882.903	0.051	0.068	0.062
883.078	0.051	0.068	0.062
883.252	0.051	0.067	0.062
883.426	0.051	0.067	0.062
883.6	0.05	0.067	0.062
883.775	0.05	0.067	0.062
883.949	0.05	0.067	0.062
884.123	0.05	0.067	0.062
884.297	0.051	0.067	0.062
884.472	0.051	0.068	0.062
884.646	0.051	0.067	0.062
884.82	0.051	0.067	0.062
884.994	0.051	0.067	0.061
885.169	0.051	0.067	0.061
885.343	0.051	0.067	0.061
885.517	0.051	0.067	0.061
885.691	0.051	0.067	0.061
885.866	0.051	0.067	0.061
886.04	0.05	0.067	0.061
886.214	0.05	0.067	0.061
886.388	0.05	0.067	0.061
886.563	0.05	0.067	0.061
886.737	0.05	0.067	0.061
886.911	0.05	0.067	0.061
887.085	0.05	0.067	0.061
887.26	0.05	0.067	0.062
887.434	0.05	0.067	0.062
887.608	0.051	0.068	0.062
887.782	0.051	0.068	0.062
887.957	0.051	0.068	0.062
888.131	0.051	0.068	0.062
888.305	0.051	0.069	0.062
888.479	0.051	0.069	0.062
888.654	0.051	0.069	0.062
888.828	0.051	0.069	0.062
889.002	0.051	0.069	0.062
889.177	0.051	0.068	0.062
889.351	0.051	0.068	0.062
889.525	0.051	0.068	0.062
889.699	0.051	0.068	0.062
889.874	0.051	0.068	0.062
890.048	0.051	0.068	0.062
890.222	0.05	0.068	0.062
890.396	0.05	0.067	0.062
890.571	0.05	0.067	0.062
890.745	0.05	0.067	0.063
890.919	0.05	0.067	0.063
891.094	0.05	0.067	0.063
891.268	0.05	0.067	0.063
891.442	0.05	0.067	0.063
891.616	0.051	0.067	0.063
891.791	0.051	0.068	0.063
891.965	0.051	0.068	0.063
892.139	0.051	0.068	0.063
892.314	0.051	0.068	0.063
892.488	0.051	0.068	0.063
892.662	0.051	0.068	0.063
892.836	0.051	0.068	0.063
893.011	0.051	0.068	0.063
893.185	0.051	0.068	0.063
893.359	0.051	0.068	0.063
893.534	0.051	0.068	0.063
893.708	0.051	0.067	0.063
893.882	0.051	0.067	0.063
894.056	0.051	0.067	0.063
894.231	0.051	0.067	0.063
894.405	0.051	0.067	0.063
894.579	0.05	0.067	0.063
894.754	0.05	0.067	0.063
894.928	0.051	0.067	0.063
0	2.5	2.5	2.5
0	2.5	2.5	2.5
0	2.5	2.5	2.5
0	2.5	2.5	2.5
0	2.5	2.5	2.5
0	2.5	2.5	2.5
0	2.5	2.5	2.5
0	2.5	2.5	2.5
0	2.5	2.5	2.5
0	2.5	2.5	2.5
0	2.5	2.5	2.5
0	2.5	2.5	2.5
0	2.5	2.5	2.5
0	2.5	2.5	2.5
0	2.5	2.5	2.5
0	2.5	2.5	2.5
0	2.5	2.5	2.5
0	2.5	2.5	2.5
0	2.5	2.5	2.5
0	2.5	2.5	2.5
0	2.5	2.5	2.5
0	2.5	2.5	2.5
0	2.5	2.5	2.5
0	2.5	2.5	2.5
0	2.5	2.5	2.5
0	2.5	2.5	2.5
0	2.5	2.5	2.5
0	2.5	2.5	2.5
0	2.5	2.5	2.5
0	2.5	2.5	2.5
0	2.5	2.5	2.5
0	2.5	2.5	2.5
0	2.5	2.5	2.5
0	2.5	2.5	2.5
0	2.5	2.5	2.5
0	2.5	2.5	2.5
0	2.5	2.5	2.5
0	2.5	2.5	2.5
0	2.5	2.5	2.5
0	2.5	2.5	2.5
0	2.5	2.5	2.5
0	2.5	2.5	2.5
0	2.5	2.5	2.5
0	2.5	2.5	2.5
0	2.5	2.5	2.5
0	2.5	2.5	2.5
0	2.5	2.5	2.5
0	2.5	2.5	2.5
0	2.5	2.5	2.5
0	2.5	2.5	2.5
0	2.5	2.5	2.5
0	2.5	2.5	2.5
0	2.5	2.5	2.5
0	2.5	2.5	2.5
0	2.5	2.5	2.5
0	2.5	2.5	2.5
0	2.5	2.5	2.5
0	2.5	2.5	2.5
0	2.5	2.5	2.5
0	2.5	2.5	2.5
0	2.5	2.5	2.5
0	2.5	2.5	2.5
0	2.5	2.5	2.5
0	2.5	2.5	2.5
0	2.5	2.5	2.5
0	2.5	2.5	2.5
0	2.5	2.5	2.5
0	2.5	2.5	2.5
0	2.5	2.5	2.5
0	2.5	2.5	2.5
0	2.5	2.5	2.5
0	2.5	2.5	2.5
0	2.5	2.5	2.5
0	2.5	2.5	2.5
0	2.5	2.5	2.5
0	2.5	2.5	2.5
0	2.5	2.5	2.5
0	2.5	2.5	2.5
0	2.5	2.5	2.5
0	2.5	2.5	2.5
0	2.5	2.5	2.5
0	2.5	2.5	2.5
0	2.5	2.5	2.5
0	2.5	2.5	2.5
0	2.5	2.5	2.5
0	2.5	2.5	2.5
0	2.5	2.5	2.5
0	2.5	2.5	2.5
0	2.5	2.5	2.5
0	2.5	2.5	2.5
0	2.5	2.5	2.5
0	2.5	2.5	2.5
0	2.5	2.5	2.5
0	2.5	2.5	2.5
0	2.5	2.5	2.5
0	2.5	2.5	2.5
0	2.5	2.5	2.5
0	2.5	2.5	2.5
0	2.5	2.5	2.5
0	2.5	2.5	2.5
0	2.5	2.5	2.5
0	2.5	2.5	2.5
0	2.5	2.5	2.5
0	2.5	2.5	2.5
0	2.5	2.5	2.5
0	2.5	2.5	2.5
0	2.5	2.5	2.5
0	2.5	2.5	2.5
0	2.5	2.5	2.5
0	2.5	2.5	2.5
0	2.5	2.5	2.5
0	2.5	2.5	2.5
0	2.5	2.5	2.5
0	2.5	2.5	2.5
0	2.5	2.5	2.5
0	2.5	2.5	2.5
0	2.5	2.5	2.5
0	2.5	2.5	2.5
0	2.5	2.5	2.5
0	2.5	2.5	2.5
0	2.5	2.5	2.5
0	2.5	2.5	2.5
0	2.5	2.5	2.5
0	2.5	2.5	2.5
0	2.5	2.5	2.5
0	2.5	2.5	2.5
0	2.5	2.5	2.5
0	2.5	2.5	2.5
0	2.5	2.5	2.5
0	2.5	2.5	2.5
0	2.5	2.5	2.5
0	2.5	2.5	2.5
0	2.5	2.5	2.5
0	2.5	2.5	2.5
0	2.5	2.5	2.5
0	2.5	2.5	2.5
0	2.5	2.5	2.5
0	2.5	2.5	2.5
0	2.5	2.5	2.5
0	2.5	2.5	2.5
0	2.5	2.5	2.5
0	2.5	2.5	2.5
0	2.5	2.5	2.5
0	2.5	2.5	2.5
0	2.5	2.5	2.5
0	2.5	2.5	2.5
0	2.5	2.5	2.5
0	2.5	2.5	2.5
0	2.5	2.5	2.5
0	2.5	2.5	2.5
0	2.5	2.5	2.5
0	2.5	2.5	2.5
0	2.5	2.5	2.5
0	2.5	2.5	2.5
0	2.5	2.5	2.5
0	2.5	2.5	2.5
0	2.5	2.5	2.5
0	2.5	2.5	2.5
0	2.5	2.5	2.5
0	2.5	2.5	2.5
0	2.5	2.5	2.5
0	2.5	2.5	2.5
0	2.5	2.5	2.5
0	2.5	2.5	2.5
0	2.5	2.5	2.5
0	2.5	2.5	2.5
0	2.5	2.5	2.5
0	2.5	2.5	2.5
0	2.5	2.5	2.5
0	2.5	2.5	2.5
0	2.5	2.5	2.5
0	2.5	2.5	2.5
0	2.5	2.5	2.5
0	2.5	2.5	2.5
0	2.5	2.5	2.5
0	2.5	2.5	2.5
0	2.5	2.5	2.5
0	2.5	2.5	2.5
0	2.5	2.5	2.5
0	2.5	2.5	2.5
0	2.5	2.5	2.5
0	2.5	2.5	2.5
0	2.5	2.5	2.5
0	2.5	2.5	2.5
0	2.5	2.5	2.5
0	2.5	2.5	2.5
0	2.5	2.5	2.5
0	2.5	2.5	2.5
0	2.5	2.5	2.5
0	2.5	2.5	2.5
0	2.5	2.5	2.5
0	2.5	2.5	2.5
0	2.5	2.5	2.5
0	2.5	2.5	2.5
0	2.5	2.5	2.5
0	2.5	2.5	2.5
0	2.5	2.5	2.5
0	2.5	2.5	2.5
0	2.5	2.5	2.5
0	2.5	2.5	2.5
0	2.5	2.5	2.5
0	2.5	2.5	2.5
0	2.5	2.5	2.5
0	2.5	2.5	2.5
0	2.5	2.5	2.5
0	2.5	2.5	2.5
0	2.5	2.5	2.5
0	2.5	2.5	2.5
0	2.5	2.5	2.5
0	2.5	2.5	2.5
0	2.5	2.5	2.5
0	2.5	2.5	2.5
0	2.5	2.5	2.5
0	2.5	2.5	2.5
0	2.5	2.5	2.5
0	2.5	2.5	2.5
0	2.5	2.5	2.5
0	2.5	2.5	2.5
0	2.5	2.5	2.5
0	2.5	2.5	2.5
0	2.5	2.5	2.5
0	2.5	2.5	2.5
0	2.5	2.5	2.5
0	2.5	2.5	2.5
0	2.5	2.5	2.5
0	2.5	2.5	2.5
0	2.5	2.5	2.5
0	2.5	2.5	2.5
0	2.5	2.5	2.5
0	2.5	2.5	2.5
0	2.5	2.5	2.5
0	2.5	2.5	2.5
0	2.5	2.5	2.5
0	2.5	2.5	2.5
0	2.5	2.5	2.5
0	2.5	2.5	2.5
0	2.5	2.5	2.5
0	2.5	2.5	2.5
0	2.5	2.5	2.5
0	2.5	2.5	2.5
0	2.5	2.5	2.5
0	2.5	2.5	2.5
0	2.5	2.5	2.5
0	2.5	2.5	2.5
0	2.5	2.5	2.5
0	2.5	2.5	2.5
0	2.5	2.5	2.5
0	2.5	2.5	2.5
0	2.5	2.5	2.5
0	2.5	2.5	2.5
0	2.5	2.5	2.5
0	2.5	2.5	2.5
0	2.5	2.5	2.5
0	2.5	2.5	2.5
0	2.5	2.5	2.5
0	2.5	2.5	2.5
0	2.5	2.5	2.5
0	2.5	2.5	2.5
0	2.5	2.5	2.5
0	2.5	2.5	2.5
0	2.5	2.5	2.5
0	2.5	2.5	2.5
0	2.5	2.5	2.5
0	2.5	2.5	2.5
0	2.5	2.5	2.5
0	2.5	2.5	2.5
0	2.5	2.5	2.5
0	2.5	2.5	2.5
0	2.5	2.5	2.5
0	2.5	2.5	2.5
0	2.5	2.5	2.5
0	2.5	2.5	2.5
0	2.5	2.5	2.5
0	2.5	2.5	2.5
0	2.5	2.5	2.5
0	2.5	2.5	2.5
0	2.5	2.5	2.5
0	2.5	2.5	2.5
0	2.5	2.5	2.5
0	2.5	2.5	2.5
0	2.5	2.5	2.5
0	2.5	2.5	2.5
0	2.5	2.5	2.5
0	2.5	2.5	2.5
0	2.5	2.5	2.5
0	2.5	2.5	2.5
0	2.5	2.5	2.5
0	2.5	2.5	2.5
0	2.5	2.5	2.5
0	2.5	2.5	2.5
0	2.5	2.5	2.5
0	2.5	2.5	2.5
0	2.5	2.5	2.5
0	2.5	2.5	2.5
0	2.5	2.5	2.5
0	2.5	2.5	2.5
0	2.5	2.5	2.5
0	2.5	2.5	2.5
0	2.5	2.5	2.5
0	2.5	2.5	2.5
0	2.5	2.5	2.5
0	2.5	2.5	2.5
0	2.5	2.5	2.5
0	2.5	2.5	2.5
0	2.5	2.5	2.5
0	2.5	2.5	2.5
0	2.5	2.5	2.5
0	2.5	2.5	2.5
0	2.5	2.5	2.5
0	2.5	2.5	2.5
0	2.5	2.5	2.5
0	2.5	2.5	2.5
0	2.5	2.5	2.5
0	2.5	2.5	2.5
0	2.5	2.5	2.5
0	2.5	2.5	2.5
0	2.5	2.5	2.5
0	2.5	2.5	2.5
0	2.5	2.5	2.5
0	2.5	2.5	2.5
0	2.5	2.5	2.5
0	2.5	2.5	2.5
0	2.5	2.5	2.5
0	2.5	2.5	2.5
0	2.5	2.5	2.5
0	2.5	2.5	2.5
0	2.5	2.5	2.5
0	2.5	2.5	2.5
0	2.5	2.5	2.5
0	2.5	2.5	2.5
0	2.5	2.5	2.5
0	2.5	2.5	2.5
0	2.5	2.5	2.5
0	2.5	2.5	2.5
0	2.5	2.5	2.5
0	2.5	2.5	2.5
0	2.5	2.5	2.5
0	2.5	2.5	2.5
0	2.5	2.5	2.5
0	2.5	2.5	2.5
0	2.5	2.5	2.5
0	2.5	2.5	2.5
0	2.5	2.5	2.5
0	2.5	2.5	2.5
0	2.5	2.5	2.5
0	2.5	2.5	2.5
0	2.5	2.5	2.5
0	2.5	2.5	2.5
0	2.5	2.5	2.5
0	2.5	2.5	2.5
0	2.5	2.5	2.5
0	2.5	2.5	2.5
0	2.5	2.5	2.5
0	2.5	2.5	2.5
0	2.5	2.5	2.5
0	2.5	2.5	2.5
0	2.5	2.5	2.5
0	2.5	2.5	2.5
0	2.5	2.5	2.5
0	2.5	2.5	2.5
0	2.5	2.5	2.5
0	2.5	2.5	2.5
0	2.5	2.5	2.5
0	2.5	2.5	2.5
0	2.5	2.5	2.5
0	2.5	2.5	2.5
0	2.5	2.5	2.5
0	2.5	2.5	2.5
0	2.5	2.5	2.5
0	2.5	2.5	2.5
0	2.5	2.5	2.5
0	2.5	2.5	2.5
0	2.5	2.5	2.5
0	2.5	2.5	2.5
0	2.5	2.5	2.5
0	2.5	2.5	2.5
0	2.5	2.5	2.5
0	2.5	2.5	2.5
0	2.5	2.5	2.5
0	2.5	2.5	2.5
0	2.5	2.5	2.5
0	2.5	2.5	2.5
0	2.5	2.5	2.5
0	2.5	2.5	2.5
0	2.5	2.5	2.5
0	2.5	2.5	2.5
0	2.5	2.5	2.5
0	2.5	2.5	2.5
0	2.5	2.5	2.5
0	2.5	2.5	2.5
0	2.5	2.5	2.5
0	2.5	2.5	2.5
0	2.5	2.5	2.5
0	2.5	2.5	2.5
0	2.5	2.5	2.5
0	2.5	2.5	2.5
0	2.5	2.5	2.5
0	2.5	2.5	2.5
0	2.5	2.5	2.5
0	2.5	2.5	2.5
0	2.5	2.5	2.5
0	2.5	2.5	2.5
0	2.5	2.5	2.5
0	2.5	2.5	2.5
0	2.5	2.5	2.5
0	2.5	2.5	2.5
0	2.5	2.5	2.5
0	2.5	2.5	2.5
0	2.5	2.5	2.5
0	2.5	2.5	2.5
0	2.5	2.5	2.5
0	2.5	2.5	2.5
0	2.5	2.5	2.5
0	2.5	2.5	2.5
0	2.5	2.5	2.5
0	2.5	2.5	2.5
0	2.5	2.5	2.5
0	2.5	2.5	2.5
0	2.5	2.5	2.5
0	2.5	2.5	2.5
0	2.5	2.5	2.5
0	2.5	2.5	2.5
0	2.5	2.5	2.5
0	2.5	2.5	2.5
0	2.5	2.5	2.5
0	2.5	2.5	2.5
0	2.5	2.5	2.5
0	2.5	2.5	2.5
0	2.5	2.5	2.5
0	2.5	2.5	2.5
0	2.5	2.5	2.5
0	2.5	2.5	2.5
0	2.5	2.5	2.5
0	2.5	2.5	2.5
0	2.5	2.5	2.5
0	2.5	2.5	2.5
0	2.5	2.5	2.5
0	2.5	2.5	2.5
0	2.5	2.5	2.5
0	2.5	2.5	2.5
0	2.5	2.5	2.5
0	2.5	2.5	2.5
0	2.5	2.5	2.5
0	2.5	2.5	2.5
0	2.5	2.5	2.5
0	2.5	2.5	2.5
0	2.5	2.5	2.5
0	2.5	2.5	2.5
0	2.5	2.5	2.5
0	2.5	2.5	2.5
0	2.5	2.5	2.5
0	2.5	2.5	2.5
0	2.5	2.5	2.5
0	2.5	2.5	2.5
0	2.5	2.5	2.5
0	2.5	2.5	2.5
0	2.5	2.5	2.5
0	2.5	2.5	2.5
0	2.5	2.5	2.5
0	2.5	2.5	2.5
0	2.5	2.5	2.5
0	2.5	2.5	2.5
0	2.5	2.5	2.5
0	2.5	2.5	2.5
0	2.5	2.5	2.5
0	2.5	2.5	2.5
0	2.5	2.5	2.5
0	2.5	2.5	2.5
0	2.5	2.5	2.5
0	2.5	2.5	2.5
0	2.5	2.5	2.5
0	2.5	2.5	2.5
0	2.5	2.5	2.5
0	2.5	2.5	2.5
0	2.5	2.5	2.5
0	2.5	2.5	2.5
0	2.5	2.5	2.5
0	2.5	2.5	2.5
0	2.5	2.5	2.5
0	2.5	2.5	2.5
0	2.5	2.5	2.5
0	2.5	2.5	2.5
0	2.5	2.5	2.5
0	2.5	2.5	2.5
0	2.5	2.5	2.5
0	2.5	2.5	2.5
0	2.5	2.5	2.5
0	2.5	2.5	2.5
0	2.5	2.5	2.5
0	2.5	2.5	2.5
0	2.5	2.5	2.5
0	2.5	2.5	2.5
0	2.5	2.5	2.5
0	2.5	2.5	2.5
0	2.5	2.5	2.5
0	2.5	2.5	2.5
0	2.5	2.5	2.5
0	2.5	2.5	2.5
0	2.5	2.5	2.5
0	2.5	2.5	2.5
0	2.5	2.5	2.5
0	2.5	2.5	2.5
0	2.5	2.5	2.5
0	2.5	2.5	2.5
0	2.5	2.5	2.5
0	2.5	2.5	2.5
0	2.5	2.5	2.5
0	2.5	2.5	2.5
0	2.5	2.5	2.5
0	2.5	2.5	2.5
0	2.5	2.5	2.5
0	2.5	2.5	2.5
0	2.5	2.5	2.5
0	2.5	2.5	2.5
0	2.5	2.5	2.5
0	2.5	2.5	2.5
0	2.5	2.5	2.5
0	2.5	2.5	2.5
0	2.5	2.5	2.5
0	2.5	2.5	2.5
0	2.5	2.5	2.5
0	2.5	2.5	2.5
0	2.5	2.5	2.5
0	2.5	2.5	2.5
0	2.5	2.5	2.5
0	2.5	2.5	2.5
0	2.5	2.5	2.5
0	2.5	2.5	2.5
0	2.5	2.5	2.5
0	2.5	2.5	2.5
0	2.5	2.5	2.5
0	2.5	2.5	2.5
0	2.5	2.5	2.5
0	2.5	2.5	2.5
0	2.5	2.5	2.5
0	2.5	2.5	2.5
0	2.5	2.5	2.5
0	2.5	2.5	2.5
0	2.5	2.5	2.5
0	2.5	2.5	2.5
0	2.5	2.5	2.5
0	2.5	2.5	2.5
0	2.5	2.5	2.5
0	2.5	2.5	2.5
0	2.5	2.5	2.5
0	2.5	2.5	2.5
0	2.5	2.5	2.5
0	2.5	2.5	2.5
0	2.5	2.5	2.5
0	2.5	2.5	2.5
0	2.5	2.5	2.5
0	2.5	2.5	2.5
0	2.5	2.5	2.5
0	2.5	2.5	2.5
0	2.5	2.5	2.5
0	2.5	2.5	2.5
0	2.5	2.5	2.5
0	2.5	2.5	2.5
0	2.5	2.5	2.5
0	2.5	2.5	2.5
0	2.5	2.5	2.5
0	2.5	2.5	2.5
0	2.5	2.5	2.5
0	2.5	2.5	2.5
0	2.5	2.5	2.5
0	2.5	2.5	2.5
0	2.5	2.5	2.5
0	2.5	2.5	2.5
0	2.5	2.5	2.5
0	2.5	2.5	2.5
0	2.5	2.5	2.5
0	2.5	2.5	2.5
0	2.5	2.5	2.5
0	2.5	2.5	2.5
0	2.5	2.5	2.5
0	2.5	2.5	2.5
0	2.5	2.5	2.5
0	2.5	2.5	2.5
0	2.5	2.5	2.5
0	2.5	2.5	2.5
0	2.5	2.5	2.5
0	2.5	2.5	2.5
0	2.5	2.5	2.5
0	2.5	2.5	2.5
0	2.5	2.5	2.5
0	2.5	2.5	2.5
0	2.5	2.5	2.5
0	2.5	2.5	2.5
0	2.5	2.5	2.5
0	2.5	2.5	2.5
0	2.5	2.5	2.5
0	2.5	2.5	2.5
0	2.5	2.5	2.5
0	2.5	2.5	2.5
0	2.5	2.5	2.5
0	2.5	2.5	2.5
0	2.5	2.5	2.5
0	2.5	2.5	2.5
0	2.5	2.5	2.5
0	2.5	2.5	2.5
0	2.5	2.5	2.5
0	2.5	2.5	2.5
0	2.5	2.5	2.5
0	2.5	2.5	2.5
0	2.5	2.5	2.5
0	2.5	2.5	2.5
0	2.5	2.5	2.5
0	2.5	2.5	2.5
0	2.5	2.5	2.5
0	2.5	2.5	2.5
0	2.5	2.5	2.5
0	2.5	2.5	2.5
0	2.5	2.5	2.5
0	2.5	2.5	2.5
0	2.5	2.5	2.5
0	2.5	2.5	2.5
0	2.5	2.5	2.5
0	2.5	2.5	2.5
0	2.5	2.5	2.5
0	2.5	2.5	2.5
0	2.5	2.5	2.5
0	2.5	2.5	2.5
0	2.5	2.5	2.5
0	2.5	2.5	2.5
0	2.5	2.5	2.5
0	2.5	2.5	2.5
0	2.5	2.5	2.5
0	2.5	2.5	2.5
0	2.5	2.5	2.5
0	2.5	2.5	2.5
0	2.5	2.5	2.5
0	2.5	2.5	2.5
0	2.5	2.5	2.5
0	2.5	2.5	2.5
0	2.5	2.5	2.5
0	2.5	2.5	2.5
0	2.5	2.5	2.5
0	2.5	2.5	2.5
0	2.5	2.5	2.5
0	2.5	2.5	2.5
0	2.5	2.5	2.5
0	2.5	2.5	2.5
0	2.5	2.5	2.5
0	2.5	2.5	2.5
0	2.5	2.5	2.5
0	2.5	2.5	2.5
0	2.5	2.5	2.5
0	2.5	2.5	2.5
0	2.5	2.5	2.5
0	2.5	2.5	2.5
0	2.5	2.5	2.5
0	2.5	2.5	2.5
0	2.5	2.5	2.5
0	2.5	2.5	2.5
0	2.5	2.5	2.5
0	2.5	2.5	2.5
0	2.5	2.5	2.5
0	2.5	2.5	2.5
0	2.5	2.5	2.5
0	2.5	2.5	2.5
0	2.5	2.5	2.5
0	2.5	2.5	2.5
0	2.5	2.5	2.5
0	2.5	2.5	2.5
0	2.5	2.5	2.5
0	2.5	2.5	2.5
0	2.5	2.5	2.5
0	2.5	2.5	2.5
0	2.5	2.5	2.5
0	2.5	2.5	2.5
0	2.5	2.5	2.5
0	2.5	2.5	2.5
0	2.5	2.5	2.5
0	2.5	2.5	2.5
0	2.5	2.5	2.5
0	2.5	2.5	2.5
0	2.5	2.5	2.5
0	2.5	2.5	2.5
0	2.5	2.5	2.5
0	2.5	2.5	2.5
0	2.5	2.5	2.5
0	2.5	2.5	2.5
0	2.5	2.5	2.5
0	2.5	2.5	2.5
0	2.5	2.5	2.5
0	2.5	2.5	2.5
0	2.5	2.5	2.5
0	2.5	2.5	2.5
0	2.5	2.5	2.5
0	2.5	2.5	2.5
0	2.5	2.5	2.5
0	2.5	2.5	2.5
0	2.5	2.5	2.5
0	2.5	2.5	2.5
0	2.5	2.5	2.5
0	2.5	2.5	2.5
0	2.5	2.5	2.5
0	2.5	2.5	2.5
0	2.5	2.5	2.5
0	2.5	2.5	2.5
0	2.5	2.5	2.5
0	2.5	2.5	2.5
0	2.5	2.5	2.5
0	2.5	2.5	2.5
0	2.5	2.5	2.5
0	2.5	2.5	2.5
0	2.5	2.5	2.5
0	2.5	2.5	2.5
0	2.5	2.5	2.5
0	2.5	2.5	2.5
0	2.5	2.5	2.5
0	2.5	2.5	2.5
0	2.5	2.5	2.5
0	2.5	2.5	2.5
0	2.5	2.5	2.5
0	2.5	2.5	2.5
0	2.5	2.5	2.5
0	2.5	2.5	2.5
0	2.5	2.5	2.5
0	2.5	2.5	2.5
0	2.5	2.5	2.5
0	2.5	2.5	2.5
0	2.5	2.5	2.5
0	2.5	2.5	2.5
0	2.5	2.5	2.5
0	2.5	2.5	2.5
0	2.5	2.5	2.5
0	2.5	2.5	2.5
0	2.5	2.5	2.5
0	2.5	2.5	2.5
0	2.5	2.5	2.5
0	2.5	2.5	2.5
0	2.5	2.5	2.5
0	2.5	2.5	2.5
0	2.5	2.5	2.5
0	2.5	2.5	2.5
0	2.5	2.5	2.5
0	2.5	2.5	2.5
0	2.5	2.5	2.5
0	2.5	2.5	2.5
0	2.5	2.5	2.5
0	2.5	2.5	2.5
0	2.5	2.5	2.5
0	2.5	2.5	2.5
0	2.5	2.5	2.5
0	2.5	2.5	2.5
0	2.5	2.5	2.5
0	2.5	2.5	2.5
0	2.5	2.5	2.5
0	2.5	2.5	2.5
0	2.5	2.5	2.5
0	2.5	2.5	2.5
0	2.5	2.5	2.5
0	2.5	2.5	2.5
0	2.5	2.5	2.5
0	2.5	2.5	2.5
0	2.5	2.5	2.5
0	2.5	2.5	2.5
0	2.5	2.5	2.5
0	2.5	2.5	2.5
0	2.5	2.5	2.5
0	2.5	2.5	2.5
0	2.5	2.5	2.5
0	2.5	2.5	2.5
0	2.5	2.5	2.5
0	2.5	2.5	2.5
0	2.5	2.5	2.5
0	2.5	2.5	2.5
0	2.5	2.5	2.5
0	2.5	2.5	2.5
0	2.5	2.5	2.5
0	2.5	2.5	2.5
0	2.5	2.5	2.5
0	2.5	2.5	2.5
0	2.5	2.5	2.5
0	2.5	2.5	2.5
0	2.5	2.5	2.5
0	2.5	2.5	2.5
0	2.5	2.5	2.5
0	2.5	2.5	2.5
0	2.5	2.5	2.5
0	2.5	2.5	2.5
0	2.5	2.5	2.5
0	2.5	2.5	2.5
0	2.5	2.5	2.5
0	2.5	2.5	2.5
0	2.5	2.5	2.5
0	2.5	2.5	2.5
0	2.5	2.5	2.5
0	2.5	2.5	2.5
0	2.5	2.5	2.5
0	2.5	2.5	2.5
0	2.5	2.5	2.5
0	2.5	2.5	2.5
0	2.5	2.5	2.5
0	2.5	2.5	2.5
0	2.5	2.5	2.5
0	2.5	2.5	2.5
0	2.5	2.5	2.5
0	2.5	2.5	2.5
0	2.5	2.5	2.5
0	2.5	2.5	2.5
0	2.5	2.5	2.5
0	2.5	2.5	2.5
0	2.5	2.5	2.5
0	2.5	2.5	2.5
0	2.5	2.5	2.5
0	2.5	2.5	2.5
0	2.5	2.5	2.5
0	2.5	2.5	2.5
0	2.5	2.5	2.5
0	2.5	2.5	2.5
0	2.5	2.5	2.5
0	2.5	2.5	2.5
0	2.5	2.5	2.5
0	2.5	2.5	2.5
0	2.5	2.5	2.5
0	2.5	2.5	2.5
0	2.5	2.5	2.5
0	2.5	2.5	2.5
0	2.5	2.5	2.5
0	2.5	2.5	2.5
0	2.5	2.5	2.5
0	2.5	2.5	2.5
0	2.5	2.5	2.5
0	2.5	2.5	2.5
0	2.5	2.5	2.5
0	2.5	2.5	2.5
0	2.5	2.5	2.5
0	2.5	2.5	2.5
0	2.5	2.5	2.5
0	2.5	2.5	2.5
0	2.5	2.5	2.5
0	2.5	2.5	2.5
0	2.5	2.5	2.5
0	2.5	2.5	2.5
0	2.5	2.5	2.5
0	2.5	2.5	2.5
0	2.5	2.5	2.5
0	2.5	2.5	2.5
0	2.5	2.5	2.5
0	2.5	2.5	2.5
0	2.5	2.5	2.5
0	2.5	2.5	2.5
0	2.5	2.5	2.5
0	2.5	2.5	2.5
0	2.5	2.5	2.5
0	2.5	2.5	2.5
0	2.5	2.5	2.5
0	2.5	2.5	2.5
0	2.5	2.5	2.5
0	2.5	2.5	2.5
0	2.5	2.5	2.5
0	2.5	2.5	2.5
0	2.5	2.5	2.5
0	2.5	2.5	2.5
0	2.5	2.5	2.5
0	2.5	2.5	2.5
0	2.5	2.5	2.5
0	2.5	2.5	2.5
0	2.5	2.5	2.5
0	2.5	2.5	2.5
0	2.5	2.5	2.5
0	2.5	2.5	2.5
0	2.5	2.5	2.5
0	2.5	2.5	2.5
0	2.5	2.5	2.5
0	2.5	2.5	2.5
0	2.5	2.5	2.5
0	2.5	2.5	2.5
0	2.5	2.5	2.5
0	2.5	2.5	2.5
0	2.5	2.5	2.5
0	2.5	2.5	2.5
0	2.5	2.5	2.5
0	2.5	2.5	2.5
0	2.5	2.5	2.5
0	2.5	2.5	2.5
0	2.5	2.5	2.5
0	2.5	2.5	2.5
0	2.5	2.5	2.5
0	2.5	2.5	2.5
0	2.5	2.5	2.5
0	2.5	2.5	2.5
0	2.5	2.5	2.5
0	2.5	2.5	2.5
0	2.5	2.5	2.5
0	2.5	2.5	2.5
0	2.5	2.5	2.5
0	2.5	2.5	2.5
0	2.5	2.5	2.5
0	2.5	2.5	2.5
0	2.5	2.5	2.5
0	2.5	2.5	2.5
0	2.5	2.5	2.5
0	2.5	2.5	2.5
0	2.5	2.5	2.5
0	2.5	2.5	2.5
0	2.5	2.5	2.5
0	2.5	2.5	2.5
0	2.5	2.5	2.5
0	2.5	2.5	2.5
0	2.5	2.5	2.5
0	2.5	2.5	2.5
0	2.5	2.5	2.5
0	2.5	2.5	2.5
0	2.5	2.5	2.5
0	2.5	2.5	2.5
0	2.5	2.5	2.5
0	2.5	2.5	2.5
0	2.5	2.5	2.5
0	2.5	2.5	2.5
0	2.5	2.5	2.5
0	2.5	2.5	2.5
0	2.5	2.5	2.5
0	2.5	2.5	2.5
0	2.5	2.5	2.5
0	2.5	2.5	2.5
0	2.5	2.5	2.5
0	2.5	2.5	2.5
0	2.5	2.5	2.5
0	2.5	2.5	2.5
0	2.5	2.5	2.5
0	2.5	2.5	2.5
0	2.5	2.5	2.5
0	2.5	2.5	2.5
0	2.5	2.5	2.5
0	2.5	2.5	2.5
0	2.5	2.5	2.5
0	2.5	2.5	2.5
0	2.5	2.5	2.5
0	2.5	2.5	2.5
0	2.5	2.5	2.5
0	2.5	2.5	2.5
0	2.5	2.5	2.5
0	2.5	2.5	2.5
0	2.5	2.5	2.5
0	2.5	2.5	2.5
0	2.5	2.5	2.5
0	2.5	2.5	2.5
0	2.5	2.5	2.5
0	2.5	2.5	2.5
0	2.5	2.5	2.5
0	2.5	2.5	2.5
0	2.5	2.5	2.5
0	2.5	2.5	2.5
0	2.5	2.5	2.5
0	2.5	2.5	2.5
0	2.5	2.5	2.5
0	2.5	2.5	2.5
0	2.5	2.5	2.5
0	2.5	2.5	2.5
0	2.5	2.5	2.5
0	2.5	2.5	2.5
0	2.5	2.5	2.5
0	2.5	2.5	2.5
0	2.5	2.5	2.5
0	2.5	2.5	2.5
0	2.5	2.5	2.5
0	2.5	2.5	2.5
0	2.5	2.5	2.5
0	2.5	2.5	2.5
0	2.5	2.5	2.5
0	2.5	2.5	2.5
0	2.5	2.5	2.5
0	2.5	2.5	2.5
0	2.5	2.5	2.5
0	2.5	2.5	2.5
0	2.5	2.5	2.5
0	2.5	2.5	2.5
0	2.5	2.5	2.5
0	2.5	2.5	2.5
0	2.5	2.5	2.5
0	2.5	2.5	2.5
0	2.5	2.5	2.5
0	2.5	2.5	2.5
0	2.5	2.5	2.5
0	2.5	2.5	2.5
0	2.5	2.5	2.5
0	2.5	2.5	2.5
0	2.5	2.5	2.5
0	2.5	2.5	2.5
0	2.5	2.5	2.5
0	2.5	2.5	2.5
0	2.5	2.5	2.5
0	2.5	2.5	2.5
0	2.5	2.5	2.5
0	2.5	2.5	2.5
0	2.5	2.5	2.5
0	2.5	2.5	2.5
0	2.5	2.5	2.5
0	2.5	2.5	2.5
0	2.5	2.5	2.5
0	2.5	2.5	2.5
0	2.5	2.5	2.5
0	2.5	2.5	2.5
0	2.5	2.5	2.5
0	2.5	2.5	2.5
0	2.5	2.5	2.5
0	2.5	2.5	2.5
0	2.5	2.5	2.5
0	2.5	2.5	2.5
0	2.5	2.5	2.5
0	2.5	2.5	2.5
0	2.5	2.5	2.5
0	2.5	2.5	2.5
0	2.5	2.5	2.5
0	2.5	2.5	2.5
0	2.5	2.5	2.5
0	2.5	2.5	2.5
0	2.5	2.5	2.5
0	2.5	2.5	2.5
0	2.5	2.5	2.5
0	2.5	2.5	2.5
0	2.5	2.5	2.5
0	2.5	2.5	2.5
0	2.5	2.5	2.5
0	2.5	2.5	2.5
0	2.5	2.5	2.5
0	2.5	2.5	2.5
0	2.5	2.5	2.5
0	2.5	2.5	2.5
0	2.5	2.5	2.5
0	2.5	2.5	2.5
0	2.5	2.5	2.5
0	2.5	2.5	2.5
0	2.5	2.5	2.5
0	2.5	2.5	2.5

